idx,doc_id,period,year,paragraph_idx,segment_idx,char_count,word_count,filter_score
0,barsenkov_2010,2000-2012,2010,9,3,621,78,2
1,barsenkov_2010,2000-2012,2010,13,3,475,64,6
2,barsenkov_2010,2000-2012,2010,17,4,216,33,3
3,barsenkov_2010,2000-2012,2010,19,1,1187,152,5
4,barsenkov_2010,2000-2012,2010,23,5,408,53,2
5,barsenkov_2010,2000-2012,2010,34,1,665,81,2
6,barsenkov_2010,2000-2012,2010,43,3,543,79,2
7,barsenkov_2010,2000-2012,2010,45,5,127,17,6
8,barsenkov_2010,2000-2012,2010,56,2,322,43,2
9,barsenkov_2010,2000-2012,2010,57,2,529,72,2
10,barsenkov_2010,2000-2012,2010,57,4,639,87,2
11,barsenkov_2010,2000-2012,2010,58,5,292,36,2
12,barsenkov_2010,2000-2012,2010,62,2,632,84,2
13,barsenkov_2010,2000-2012,2010,71,2,566,77,2
14,barsenkov_2010,2000-2012,2010,74,0,975,121,2
15,barsenkov_2010,2000-2012,2010,77,0,668,89,2
16,barsenkov_2010,2000-2012,2010,78,0,1161,163,2
17,barsenkov_2010,2000-2012,2010,79,1,875,120,2
18,barsenkov_2010,2000-2012,2010,80,5,279,40,2
19,barsenkov_2010,2000-2012,2010,81,0,808,111,2
20,barsenkov_2010,2000-2012,2010,85,2,522,72,2
21,barsenkov_2010,2000-2012,2010,86,1,483,68,2
22,barsenkov_2010,2000-2012,2010,87,0,521,73,2
23,barsenkov_2010,2000-2012,2010,87,3,662,95,5
24,barsenkov_2010,2000-2012,2010,87,4,404,59,4
25,barsenkov_2010,2000-2012,2010,88,0,742,94,2
26,barsenkov_2010,2000-2012,2010,92,2,1024,135,2
27,barsenkov_2010,2000-2012,2010,94,1,894,137,4
28,barsenkov_2010,2000-2012,2010,95,3,792,106,4
29,barsenkov_2010,2000-2012,2010,96,0,422,54,3
30,barsenkov_2010,2000-2012,2010,96,5,309,47,4
31,barsenkov_2010,2000-2012,2010,97,0,931,129,4
32,barsenkov_2010,2000-2012,2010,101,0,794,108,4
33,barsenkov_2010,2000-2012,2010,101,1,599,90,2
34,barsenkov_2010,2000-2012,2010,105,3,856,119,2
35,barsenkov_2010,2000-2012,2010,110,2,226,31,2
36,barsenkov_2010,2000-2012,2010,115,0,563,76,2
37,barsenkov_2010,2000-2012,2010,115,2,652,88,2
38,barsenkov_2010,2000-2012,2010,121,0,639,79,2
39,barsenkov_2010,2000-2012,2010,140,1,827,118,6
40,barsenkov_2010,2000-2012,2010,140,2,981,128,3
41,barsenkov_2010,2000-2012,2010,141,1,602,88,3
42,barsenkov_2010,2000-2012,2010,141,4,777,105,3
43,barsenkov_2010,2000-2012,2010,141,5,850,125,8
44,barsenkov_2010,2000-2012,2010,142,2,1496,206,6
45,barsenkov_2010,2000-2012,2010,142,3,1025,137,3
46,barsenkov_2010,2000-2012,2010,143,0,813,108,3
47,barsenkov_2010,2000-2012,2010,143,1,915,127,9
48,barsenkov_2010,2000-2012,2010,143,2,543,79,3
49,barsenkov_2010,2000-2012,2010,144,1,255,40,3
50,barsenkov_2010,2000-2012,2010,144,2,511,72,3
51,barsenkov_2010,2000-2012,2010,144,4,541,79,3
52,barsenkov_2010,2000-2012,2010,144,5,145,20,3
53,barsenkov_2010,2000-2012,2010,145,3,1084,140,3
54,barsenkov_2010,2000-2012,2010,146,2,1066,137,6
55,barsenkov_2010,2000-2012,2010,147,1,1204,159,6
56,barsenkov_2010,2000-2012,2010,147,2,583,75,6
57,barsenkov_2010,2000-2012,2010,148,0,991,131,18
58,barsenkov_2010,2000-2012,2010,148,1,474,63,4
59,barsenkov_2010,2000-2012,2010,150,0,937,130,2
60,barsenkov_2010,2000-2012,2010,150,1,707,98,3
61,barsenkov_2010,2000-2012,2010,151,0,1350,177,2
62,barsenkov_2010,2000-2012,2010,151,1,748,97,8
63,barsenkov_2010,2000-2012,2010,155,3,712,92,3
64,barsenkov_2010,2000-2012,2010,156,1,500,65,5
65,barsenkov_2010,2000-2012,2010,156,3,628,84,4
66,barsenkov_2010,2000-2012,2010,156,4,539,74,10
67,barsenkov_2010,2000-2012,2010,157,0,574,82,2
68,barsenkov_2010,2000-2012,2010,157,2,836,121,7
69,barsenkov_2010,2000-2012,2010,157,3,533,76,12
70,barsenkov_2010,2000-2012,2010,158,3,485,69,3
71,barsenkov_2010,2000-2012,2010,159,0,794,109,6
72,barsenkov_2010,2000-2012,2010,159,1,411,62,3
73,barsenkov_2010,2000-2012,2010,159,5,425,60,5
74,barsenkov_2010,2000-2012,2010,160,1,766,101,7
75,barsenkov_2010,2000-2012,2010,160,2,1008,145,11
76,barsenkov_2010,2000-2012,2010,161,2,629,91,6
77,barsenkov_2010,2000-2012,2010,161,3,515,69,3
78,barsenkov_2010,2000-2012,2010,162,3,461,66,9
79,barsenkov_2010,2000-2012,2010,162,4,234,31,4
80,barsenkov_2010,2000-2012,2010,163,0,546,71,2
81,barsenkov_2010,2000-2012,2010,163,1,668,105,2
82,barsenkov_2010,2000-2012,2010,163,2,574,73,5
83,barsenkov_2010,2000-2012,2010,163,3,590,85,14
84,barsenkov_2010,2000-2012,2010,164,0,823,100,3
85,barsenkov_2010,2000-2012,2010,164,1,879,117,11
86,barsenkov_2010,2000-2012,2010,164,2,489,67,14
87,barsenkov_2010,2000-2012,2010,165,0,407,63,4
88,barsenkov_2010,2000-2012,2010,165,1,930,127,6
89,barsenkov_2010,2000-2012,2010,165,2,803,106,6
90,barsenkov_2010,2000-2012,2010,166,0,1151,168,8
91,barsenkov_2010,2000-2012,2010,166,1,506,80,3
92,barsenkov_2010,2000-2012,2010,166,2,409,59,8
93,barsenkov_2010,2000-2012,2010,167,1,613,76,3
94,barsenkov_2010,2000-2012,2010,167,2,1011,133,4
95,barsenkov_2010,2000-2012,2010,167,3,485,57,2
96,barsenkov_2010,2000-2012,2010,168,0,475,66,6
97,barsenkov_2010,2000-2012,2010,169,0,618,76,2
98,barsenkov_2010,2000-2012,2010,170,2,852,127,2
99,barsenkov_2010,2000-2012,2010,178,1,475,69,2
100,barsenkov_2010,2000-2012,2010,178,3,913,112,6
101,barsenkov_2010,2000-2012,2010,179,0,476,69,2
102,barsenkov_2010,2000-2012,2010,179,1,613,82,2
103,barsenkov_2010,2000-2012,2010,179,2,748,102,5
104,barsenkov_2010,2000-2012,2010,180,2,891,112,5
105,barsenkov_2010,2000-2012,2010,181,1,410,55,2
106,barsenkov_2010,2000-2012,2010,181,2,1382,203,6
107,barsenkov_2010,2000-2012,2010,185,1,887,110,2
108,barsenkov_2010,2000-2012,2010,186,0,629,83,8
109,barsenkov_2010,2000-2012,2010,186,2,967,133,6
110,barsenkov_2010,2000-2012,2010,187,2,639,80,3
111,barsenkov_2010,2000-2012,2010,188,0,869,114,3
112,barsenkov_2010,2000-2012,2010,188,1,1186,170,7
113,barsenkov_2010,2000-2012,2010,188,2,703,89,2
114,barsenkov_2010,2000-2012,2010,191,1,530,80,2
115,barsenkov_2010,2000-2012,2010,191,3,446,56,2
116,barsenkov_2010,2000-2012,2010,192,1,272,38,2
117,barsenkov_2010,2000-2012,2010,192,4,525,71,3
118,barsenkov_2010,2000-2012,2010,193,3,884,131,5
119,barsenkov_2010,2000-2012,2010,193,6,665,86,2
120,barsenkov_2010,2000-2012,2010,194,0,496,75,9
121,barsenkov_2010,2000-2012,2010,196,2,637,93,7
122,barsenkov_2010,2000-2012,2010,196,3,535,74,4
123,barsenkov_2010,2000-2012,2010,197,0,1024,139,5
124,barsenkov_2010,2000-2012,2010,213,1,658,86,3
125,barsenkov_2010,2000-2012,2010,237,1,879,121,3
126,barsenkov_2010,2000-2012,2010,240,2,606,82,2
127,barsenkov_2010,2000-2012,2010,245,0,847,113,2
128,barsenkov_2010,2000-2012,2010,245,1,955,132,3
129,barsenkov_2010,2000-2012,2010,246,1,624,76,2
130,barsenkov_2010,2000-2012,2010,246,2,266,43,3
131,barsenkov_2010,2000-2012,2010,246,3,1168,149,12
132,barsenkov_2010,2000-2012,2010,247,0,578,84,2
133,barsenkov_2010,2000-2012,2010,247,1,680,100,14
134,barsenkov_2010,2000-2012,2010,247,2,204,33,3
135,barsenkov_2010,2000-2012,2010,247,3,523,76,7
136,barsenkov_2010,2000-2012,2010,247,4,437,71,5
137,barsenkov_2010,2000-2012,2010,247,5,351,49,3
138,barsenkov_2010,2000-2012,2010,248,0,486,70,9
139,barsenkov_2010,2000-2012,2010,248,1,834,115,9
140,barsenkov_2010,2000-2012,2010,248,2,646,97,5
141,barsenkov_2010,2000-2012,2010,248,3,690,96,3
142,barsenkov_2010,2000-2012,2010,249,0,718,103,3
143,barsenkov_2010,2000-2012,2010,249,3,802,108,8
144,barsenkov_2010,2000-2012,2010,249,4,534,81,5
145,barsenkov_2010,2000-2012,2010,250,0,733,110,2
146,barsenkov_2010,2000-2012,2010,250,1,950,138,7
147,barsenkov_2010,2000-2012,2010,250,2,1003,138,4
148,barsenkov_2010,2000-2012,2010,251,1,972,147,3
149,barsenkov_2010,2000-2012,2010,251,3,591,82,6
150,barsenkov_2010,2000-2012,2010,252,0,808,112,6
151,barsenkov_2010,2000-2012,2010,252,1,800,109,9
152,barsenkov_2010,2000-2012,2010,252,2,823,117,4
153,barsenkov_2010,2000-2012,2010,252,3,318,48,4
154,barsenkov_2010,2000-2012,2010,253,0,493,65,7
155,barsenkov_2010,2000-2012,2010,253,1,542,77,4
156,barsenkov_2010,2000-2012,2010,253,2,469,65,7
157,barsenkov_2010,2000-2012,2010,253,4,423,60,8
158,barsenkov_2010,2000-2012,2010,253,5,718,97,9
159,barsenkov_2010,2000-2012,2010,254,0,587,79,5
160,barsenkov_2010,2000-2012,2010,254,1,469,76,5
161,barsenkov_2010,2000-2012,2010,254,2,132,22,4
162,barsenkov_2010,2000-2012,2010,254,3,1060,141,11
163,barsenkov_2010,2000-2012,2010,254,4,252,39,3
164,barsenkov_2010,2000-2012,2010,254,5,265,38,3
165,barsenkov_2010,2000-2012,2010,255,0,260,47,5
166,barsenkov_2010,2000-2012,2010,255,1,746,107,3
167,barsenkov_2010,2000-2012,2010,255,2,197,32,2
168,barsenkov_2010,2000-2012,2010,255,3,725,106,6
169,barsenkov_2010,2000-2012,2010,255,4,735,105,7
170,barsenkov_2010,2000-2012,2010,256,0,1224,169,9
171,barsenkov_2010,2000-2012,2010,256,1,636,84,3
172,barsenkov_2010,2000-2012,2010,256,2,305,44,4
173,barsenkov_2010,2000-2012,2010,256,4,296,45,4
174,barsenkov_2010,2000-2012,2010,256,5,276,36,3
175,barsenkov_2010,2000-2012,2010,257,0,499,77,5
176,barsenkov_2010,2000-2012,2010,257,1,460,75,6
177,barsenkov_2010,2000-2012,2010,257,2,616,102,4
178,barsenkov_2010,2000-2012,2010,257,5,585,81,7
179,barsenkov_2010,2000-2012,2010,258,0,761,113,3
180,barsenkov_2010,2000-2012,2010,258,1,322,46,2
181,barsenkov_2010,2000-2012,2010,258,2,909,126,14
182,barsenkov_2010,2000-2012,2010,258,3,468,62,3
183,barsenkov_2010,2000-2012,2010,259,0,153,17,2
184,barsenkov_2010,2000-2012,2010,261,0,725,95,4
185,barsenkov_2010,2000-2012,2010,261,1,678,88,3
186,barsenkov_2010,2000-2012,2010,262,0,671,93,4
187,barsenkov_2010,2000-2012,2010,263,1,804,103,2
188,barsenkov_2010,2000-2012,2010,264,2,632,81,4
189,barsenkov_2010,2000-2012,2010,264,5,572,73,6
190,barsenkov_2010,2000-2012,2010,265,0,219,32,3
191,barsenkov_2010,2000-2012,2010,265,4,832,116,4
192,barsenkov_2010,2000-2012,2010,265,5,489,67,8
193,barsenkov_2010,2000-2012,2010,265,6,358,54,15
194,barsenkov_2010,2000-2012,2010,266,1,887,125,9
195,barsenkov_2010,2000-2012,2010,267,0,637,81,2
196,barsenkov_2010,2000-2012,2010,267,1,347,45,4
197,barsenkov_2010,2000-2012,2010,268,0,948,128,5
198,barsenkov_2010,2000-2012,2010,268,1,970,126,5
199,barsenkov_2010,2000-2012,2010,268,2,669,81,4
200,barsenkov_2010,2000-2012,2010,269,0,558,76,3
201,barsenkov_2010,2000-2012,2010,269,1,912,134,14
202,barsenkov_2010,2000-2012,2010,269,2,575,78,4
203,barsenkov_2010,2000-2012,2010,269,3,460,71,3
204,barsenkov_2010,2000-2012,2010,269,4,179,25,4
205,barsenkov_2010,2000-2012,2010,270,2,1025,141,3
206,barsenkov_2010,2000-2012,2010,271,1,865,131,5
207,barsenkov_2010,2000-2012,2010,271,2,643,111,5
208,barsenkov_2010,2000-2012,2010,272,0,913,116,3
209,barsenkov_2010,2000-2012,2010,272,3,674,100,3
210,barsenkov_2010,2000-2012,2010,273,0,677,103,3
211,barsenkov_2010,2000-2012,2010,273,2,537,87,4
212,barsenkov_2010,2000-2012,2010,273,3,589,80,2
213,barsenkov_2010,2000-2012,2010,274,0,989,151,8
214,barsenkov_2010,2000-2012,2010,274,1,1025,145,3
215,barsenkov_2010,2000-2012,2010,274,2,832,112,3
216,barsenkov_2010,2000-2012,2010,275,2,1268,171,3
217,barsenkov_2010,2000-2012,2010,277,4,148,27,2
218,barsenkov_2010,2000-2012,2010,278,0,543,67,2
219,barsenkov_2010,2000-2012,2010,282,5,359,52,4
220,barsenkov_2010,2000-2012,2010,284,17,492,58,2
221,barsenkov_2010,2000-2012,2010,285,0,750,95,2
222,barsenkov_2010,2000-2012,2010,285,2,433,59,4
223,barsenkov_2010,2000-2012,2010,285,3,390,54,4
224,barsenkov_2010,2000-2012,2010,286,0,308,39,3
225,barsenkov_2010,2000-2012,2010,289,1,527,72,2
226,barsenkov_2010,2000-2012,2010,290,0,1250,157,5
227,barsenkov_2010,2000-2012,2010,290,3,251,33,2
228,barsenkov_2010,2000-2012,2010,291,1,958,134,5
229,barsenkov_2010,2000-2012,2010,291,2,352,54,5
230,barsenkov_2010,2000-2012,2010,292,0,558,77,3
231,barsenkov_2010,2000-2012,2010,292,1,481,73,4
232,barsenkov_2010,2000-2012,2010,292,2,591,84,4
233,barsenkov_2010,2000-2012,2010,292,5,627,83,3
234,barsenkov_2010,2000-2012,2010,293,0,846,116,8
235,barsenkov_2010,2000-2012,2010,293,1,419,66,6
236,barsenkov_2010,2000-2012,2010,293,2,456,62,3
237,barsenkov_2010,2000-2012,2010,293,7,332,50,5
238,barsenkov_2010,2000-2012,2010,294,0,316,46,5
239,barsenkov_2010,2000-2012,2010,294,3,393,53,5
240,barsenkov_2010,2000-2012,2010,294,6,319,43,3
241,barsenkov_2010,2000-2012,2010,294,7,919,139,9
242,barsenkov_2010,2000-2012,2010,295,0,911,122,9
243,barsenkov_2010,2000-2012,2010,295,1,1033,142,10
244,barsenkov_2010,2000-2012,2010,295,2,805,111,7
245,barsenkov_2010,2000-2012,2010,296,0,991,134,13
246,barsenkov_2010,2000-2012,2010,296,1,933,133,7
247,barsenkov_2010,2000-2012,2010,296,2,854,125,9
248,barsenkov_2010,2000-2012,2010,297,0,1150,155,6
249,barsenkov_2010,2000-2012,2010,297,1,505,76,11
250,barsenkov_2010,2000-2012,2010,297,2,840,126,17
251,barsenkov_2010,2000-2012,2010,297,3,209,36,4
252,barsenkov_2010,2000-2012,2010,298,0,540,72,4
253,barsenkov_2010,2000-2012,2010,300,1,664,93,4
254,barsenkov_2010,2000-2012,2010,300,2,901,112,7
255,barsenkov_2010,2000-2012,2010,300,3,712,98,5
256,barsenkov_2010,2000-2012,2010,301,1,921,120,3
257,barsenkov_2010,2000-2012,2010,301,2,712,97,8
258,barsenkov_2010,2000-2012,2010,301,3,447,62,3
259,barsenkov_2010,2000-2012,2010,302,2,893,121,3
260,barsenkov_2010,2000-2012,2010,302,3,1350,176,11
261,barsenkov_2010,2000-2012,2010,303,1,385,51,4
262,barsenkov_2010,2000-2012,2010,303,3,633,83,2
263,barsenkov_2010,2000-2012,2010,308,1,540,78,3
264,barsenkov_2010,2000-2012,2010,317,3,529,78,4
265,barsenkov_2010,2000-2012,2010,319,0,786,110,4
266,barsenkov_2010,2000-2012,2010,319,1,962,141,7
267,barsenkov_2010,2000-2012,2010,319,2,590,87,4
268,barsenkov_2010,2000-2012,2010,320,1,939,128,4
269,barsenkov_2010,2000-2012,2010,321,0,1226,174,6
270,barsenkov_2010,2000-2012,2010,322,3,789,113,4
271,barsenkov_2010,2000-2012,2010,323,0,435,59,4
272,barsenkov_2010,2000-2012,2010,323,2,908,127,2
273,barsenkov_2010,2000-2012,2010,324,1,753,105,9
274,barsenkov_2010,2000-2012,2010,325,1,374,52,4
275,barsenkov_2010,2000-2012,2010,326,0,763,105,2
276,barsenkov_2010,2000-2012,2010,328,5,783,125,4
277,barsenkov_2010,2000-2012,2010,330,3,648,90,3
278,barsenkov_2010,2000-2012,2010,331,1,785,108,14
279,barsenkov_2010,2000-2012,2010,331,2,502,66,5
280,barsenkov_2010,2000-2012,2010,331,4,446,70,5
281,barsenkov_2010,2000-2012,2010,332,0,737,120,4
282,barsenkov_2010,2000-2012,2010,332,1,1209,171,2
283,barsenkov_2010,2000-2012,2010,332,2,554,77,3
284,barsenkov_2010,2000-2012,2010,334,0,545,74,4
285,barsenkov_2010,2000-2012,2010,334,1,763,116,3
286,barsenkov_2010,2000-2012,2010,335,0,623,87,10
287,barsenkov_2010,2000-2012,2010,335,1,446,68,5
288,barsenkov_2010,2000-2012,2010,335,6,323,44,2
289,barsenkov_2010,2000-2012,2010,335,7,645,70,6
290,barsenkov_2010,2000-2012,2010,336,0,1447,193,16
291,barsenkov_2010,2000-2012,2010,336,1,830,113,10
292,barsenkov_2010,2000-2012,2010,336,2,464,70,5
293,barsenkov_2010,2000-2012,2010,337,0,477,76,8
294,barsenkov_2010,2000-2012,2010,337,1,526,73,4
295,barsenkov_2010,2000-2012,2010,337,2,391,54,3
296,barsenkov_2010,2000-2012,2010,337,3,602,83,10
297,barsenkov_2010,2000-2012,2010,337,4,634,96,19
298,barsenkov_2010,2000-2012,2010,338,0,888,138,8
299,barsenkov_2010,2000-2012,2010,338,1,1303,188,18
300,barsenkov_2010,2000-2012,2010,338,2,565,92,9
301,barsenkov_2010,2000-2012,2010,339,1,349,54,3
302,barsenkov_2010,2000-2012,2010,339,2,327,53,4
303,barsenkov_2010,2000-2012,2010,339,4,249,41,4
304,barsenkov_2010,2000-2012,2010,341,2,686,94,3
305,barsenkov_2010,2000-2012,2010,342,2,592,79,4
306,barsenkov_2010,2000-2012,2010,343,2,253,39,3
307,barsenkov_2010,2000-2012,2010,345,0,306,46,4
308,barsenkov_2010,2000-2012,2010,345,2,631,91,3
309,barsenkov_2010,2000-2012,2010,345,8,753,107,4
310,barsenkov_2010,2000-2012,2010,349,1,210,31,4
311,barsenkov_2010,2000-2012,2010,349,2,227,36,4
312,barsenkov_2010,2000-2012,2010,349,3,945,144,5
313,barsenkov_2010,2000-2012,2010,350,1,961,148,17
314,barsenkov_2010,2000-2012,2010,350,2,562,74,3
315,barsenkov_2010,2000-2012,2010,350,3,343,43,6
316,barsenkov_2010,2000-2012,2010,351,1,707,94,3
317,barsenkov_2010,2000-2012,2010,351,2,432,52,3
318,barsenkov_2010,2000-2012,2010,351,3,697,94,2
319,barsenkov_2010,2000-2012,2010,352,1,744,88,2
320,barsenkov_2010,2000-2012,2010,353,1,525,78,2
321,barsenkov_2010,2000-2012,2010,353,3,643,92,6
322,barsenkov_2010,2000-2012,2010,354,1,266,42,3
323,barsenkov_2010,2000-2012,2010,355,2,752,129,4
324,barsenkov_2010,2000-2012,2010,356,0,1186,183,4
325,barsenkov_2010,2000-2012,2010,358,1,687,95,3
326,barsenkov_2010,2000-2012,2010,358,5,609,83,4
327,barsenkov_2010,2000-2012,2010,359,2,452,67,2
328,barsenkov_2010,2000-2012,2010,360,0,264,45,8
329,barsenkov_2010,2000-2012,2010,360,1,494,81,10
330,barsenkov_2010,2000-2012,2010,361,1,854,123,3
331,barsenkov_2010,2000-2012,2010,361,2,570,84,4
332,barsenkov_2010,2000-2012,2010,362,0,895,126,3
333,barsenkov_2010,2000-2012,2010,362,1,595,87,3
334,barsenkov_2010,2000-2012,2010,362,3,523,74,3
335,barsenkov_2010,2000-2012,2010,363,0,1040,145,3
336,barsenkov_2010,2000-2012,2010,363,2,438,58,3
337,barsenkov_2010,2000-2012,2010,363,3,455,61,6
338,barsenkov_2010,2000-2012,2010,363,4,284,35,3
339,barsenkov_2010,2000-2012,2010,364,0,307,47,3
340,barsenkov_2010,2000-2012,2010,364,3,764,113,2
341,barsenkov_2010,2000-2012,2010,366,0,573,78,4
342,barsenkov_2010,2000-2012,2010,366,1,424,61,3
343,barsenkov_2010,2000-2012,2010,368,1,358,56,3
344,barsenkov_2010,2000-2012,2010,368,3,562,81,6
345,barsenkov_2010,2000-2012,2010,368,4,794,111,4
346,barsenkov_2010,2000-2012,2010,370,1,697,93,6
347,barsenkov_2010,2000-2012,2010,370,2,915,125,3
348,barsenkov_2010,2000-2012,2010,372,0,760,97,3
349,barsenkov_2010,2000-2012,2010,372,2,399,56,2
350,barsenkov_2010,2000-2012,2010,373,2,624,86,3
351,barsenkov_2010,2000-2012,2010,374,2,562,76,3
352,barsenkov_2010,2000-2012,2010,374,3,821,109,3
353,barsenkov_2010,2000-2012,2010,376,0,938,149,2
354,barsenkov_2010,2000-2012,2010,378,1,673,96,6
355,barsenkov_2010,2000-2012,2010,378,6,118,20,3
356,barsenkov_2010,2000-2012,2010,385,0,724,117,3
357,barsenkov_2010,2000-2012,2010,385,1,709,86,4
358,barsenkov_2010,2000-2012,2010,388,6,330,49,3
359,barsenkov_2010,2000-2012,2010,389,3,517,67,2
360,barsenkov_2010,2000-2012,2010,390,1,1334,178,5
361,barsenkov_2010,2000-2012,2010,391,0,659,95,4
362,barsenkov_2010,2000-2012,2010,391,1,533,72,3
363,barsenkov_2010,2000-2012,2010,394,1,638,93,3
364,barsenkov_2010,2000-2012,2010,395,1,1000,124,2
365,barsenkov_2010,2000-2012,2010,395,2,1003,155,2
366,barsenkov_2010,2000-2012,2010,396,4,255,34,6
367,barsenkov_2010,2000-2012,2010,397,0,667,88,2
368,barsenkov_2010,2000-2012,2010,397,1,638,87,6
369,barsenkov_2010,2000-2012,2010,397,2,778,110,5
370,barsenkov_2010,2000-2012,2010,397,3,732,108,2
371,barsenkov_2010,2000-2012,2010,398,0,881,123,4
372,barsenkov_2010,2000-2012,2010,400,3,574,82,3
373,barsenkov_2010,2000-2012,2010,400,6,104,19,3
374,barsenkov_2010,2000-2012,2010,401,0,1099,161,2
375,barsenkov_2010,2000-2012,2010,401,1,632,91,6
376,barsenkov_2010,2000-2012,2010,401,3,412,62,2
377,barsenkov_2010,2000-2012,2010,402,1,284,44,3
378,barsenkov_2010,2000-2012,2010,402,3,429,60,3
379,barsenkov_2010,2000-2012,2010,402,4,601,89,6
380,barsenkov_2010,2000-2012,2010,402,5,734,96,8
381,barsenkov_2010,2000-2012,2010,407,1,554,71,2
382,barsenkov_2010,2000-2012,2010,407,2,1363,186,4
383,barsenkov_2010,2000-2012,2010,407,3,440,60,3
384,barsenkov_2010,2000-2012,2010,411,1,852,128,3
385,barsenkov_2010,2000-2012,2010,411,2,529,74,4
386,barsenkov_2010,2000-2012,2010,412,1,868,138,2
387,barsenkov_2010,2000-2012,2010,413,2,748,120,2
388,barsenkov_2010,2000-2012,2010,415,1,707,103,4
389,barsenkov_2010,2000-2012,2010,415,2,936,125,10
390,barsenkov_2010,2000-2012,2010,416,0,613,94,2
391,barsenkov_2010,2000-2012,2010,416,1,527,73,2
392,barsenkov_2010,2000-2012,2010,416,2,547,78,5
393,barsenkov_2010,2000-2012,2010,416,4,423,67,6
394,barsenkov_2010,2000-2012,2010,417,1,995,137,6
395,barsenkov_2010,2000-2012,2010,417,2,497,73,2
396,barsenkov_2010,2000-2012,2010,418,7,97,19,3
397,barsenkov_2010,2000-2012,2010,419,1,418,63,3
398,barsenkov_2010,2000-2012,2010,419,2,291,44,4
399,barsenkov_2010,2000-2012,2010,419,4,582,87,3
400,barsenkov_2010,2000-2012,2010,419,6,609,87,2
401,barsenkov_2010,2000-2012,2010,420,4,512,75,3
402,barsenkov_2010,2000-2012,2010,422,1,599,89,7
403,barsenkov_2010,2000-2012,2010,422,2,523,75,3
404,barsenkov_2010,2000-2012,2010,425,4,183,24,5
405,barsenkov_2010,2000-2012,2010,426,3,822,122,4
406,barsenkov_2010,2000-2012,2010,426,4,213,29,2
407,barsenkov_2010,2000-2012,2010,427,2,585,91,3
408,barsenkov_2010,2000-2012,2010,427,3,473,69,4
409,barsenkov_2010,2000-2012,2010,428,0,729,88,3
410,barsenkov_2010,2000-2012,2010,430,2,605,87,4
411,barsenkov_2010,2000-2012,2010,430,3,684,102,6
412,barsenkov_2010,2000-2012,2010,432,0,757,101,2
413,barsenkov_2010,2000-2012,2010,432,3,627,78,11
414,barsenkov_2010,2000-2012,2010,432,4,594,79,5
415,barsenkov_2010,2000-2012,2010,433,3,943,132,10
416,barsenkov_2010,2000-2012,2010,433,4,323,53,4
417,barsenkov_2010,2000-2012,2010,434,3,636,89,3
418,barsenkov_2010,2000-2012,2010,434,5,255,39,3
419,barsenkov_2010,2000-2012,2010,435,3,504,77,5
420,barsenkov_2010,2000-2012,2010,435,7,346,51,2
421,barsenkov_2010,2000-2012,2010,436,0,210,31,3
422,barsenkov_2010,2000-2012,2010,436,2,695,100,7
423,barsenkov_2010,2000-2012,2010,436,4,604,92,2
424,barsenkov_2010,2000-2012,2010,437,1,443,72,8
425,barsenkov_2010,2000-2012,2010,437,4,592,86,4
426,barsenkov_2010,2000-2012,2010,437,5,306,44,3
427,barsenkov_2010,2000-2012,2010,438,3,484,74,4
428,barsenkov_2010,2000-2012,2010,438,4,322,47,3
429,barsenkov_2010,2000-2012,2010,438,5,635,96,3
430,barsenkov_2010,2000-2012,2010,439,0,877,130,8
431,barsenkov_2010,2000-2012,2010,439,2,475,61,4
432,barsenkov_2010,2000-2012,2010,439,3,471,69,12
433,barsenkov_2010,2000-2012,2010,440,1,571,79,4
434,barsenkov_2010,2000-2012,2010,440,9,388,59,4
435,barsenkov_2010,2000-2012,2010,441,2,718,87,2
436,barsenkov_2010,2000-2012,2010,441,3,299,43,6
437,barsenkov_2010,2000-2012,2010,441,4,1123,157,4
438,barsenkov_2010,2000-2012,2010,442,0,585,72,7
439,barsenkov_2010,2000-2012,2010,442,2,384,55,3
440,barsenkov_2010,2000-2012,2010,442,3,436,64,3
441,barsenkov_2010,2000-2012,2010,442,4,587,83,6
442,barsenkov_2010,2000-2012,2010,443,1,239,35,4
443,barsenkov_2010,2000-2012,2010,443,3,454,67,4
444,barsenkov_2010,2000-2012,2010,443,8,326,50,7
445,barsenkov_2010,2000-2012,2010,444,0,994,137,3
446,barsenkov_2010,2000-2012,2010,445,0,181,32,7
447,barsenkov_2010,2000-2012,2010,445,2,497,75,3
448,barsenkov_2010,2000-2012,2010,446,0,404,58,6
449,barsenkov_2010,2000-2012,2010,446,1,473,63,6
450,barsenkov_2010,2000-2012,2010,446,2,657,98,9
451,barsenkov_2010,2000-2012,2010,446,3,268,44,4
452,barsenkov_2010,2000-2012,2010,447,0,214,29,4
453,barsenkov_2010,2000-2012,2010,447,2,439,59,10
454,barsenkov_2010,2000-2012,2010,447,3,864,129,11
455,barsenkov_2010,2000-2012,2010,447,4,720,100,4
456,barsenkov_2010,2000-2012,2010,453,0,712,106,9
457,barsenkov_2010,2000-2012,2010,454,0,317,53,3
458,barsenkov_2010,2000-2012,2010,454,2,760,98,3
459,barsenkov_2010,2000-2012,2010,456,1,596,85,4
460,barsenkov_2010,2000-2012,2010,457,1,252,40,3
461,barsenkov_2010,2000-2012,2010,457,5,744,112,3
462,barsenkov_2010,2000-2012,2010,458,0,854,115,7
463,barsenkov_2010,2000-2012,2010,460,2,829,117,5
464,barsenkov_2010,2000-2012,2010,461,0,840,116,5
465,barsenkov_2010,2000-2012,2010,462,0,849,130,4
466,barsenkov_2010,2000-2012,2010,463,0,392,50,3
467,barsenkov_2010,2000-2012,2010,465,3,1063,146,3
468,barsenkov_2010,2000-2012,2010,465,4,490,65,3
469,barsenkov_2010,2000-2012,2010,466,1,1104,150,3
470,barsenkov_2010,2000-2012,2010,467,0,977,127,3
471,barsenkov_2010,2000-2012,2010,467,1,1083,136,4
472,barsenkov_2010,2000-2012,2010,468,2,658,91,4
473,barsenkov_2010,2000-2012,2010,469,4,810,100,4
474,barsenkov_2010,2000-2012,2010,471,0,607,80,3
475,barsenkov_2010,2000-2012,2010,471,1,794,115,7
476,barsenkov_2010,2000-2012,2010,474,3,419,64,5
477,barsenkov_2010,2000-2012,2010,477,2,565,69,5
478,barsenkov_2010,2000-2012,2010,480,1,482,67,3
479,barsenkov_2010,2000-2012,2010,482,0,585,81,3
480,barsenkov_2010,2000-2012,2010,482,2,571,86,8
481,barsenkov_2010,2000-2012,2010,482,3,520,78,7
482,barsenkov_2010,2000-2012,2010,484,0,702,100,4
483,barsenkov_2010,2000-2012,2010,484,1,607,83,3
484,barsenkov_2010,2000-2012,2010,484,3,577,74,3
485,barsenkov_2010,2000-2012,2010,484,4,401,58,9
486,barsenkov_2010,2000-2012,2010,485,0,433,63,3
487,barsenkov_2010,2000-2012,2010,486,3,162,23,4
488,barsenkov_2010,2000-2012,2010,486,4,402,53,3
489,barsenkov_2010,2000-2012,2010,487,0,324,48,6
490,barsenkov_2010,2000-2012,2010,487,1,745,99,3
491,barsenkov_2010,2000-2012,2010,487,2,593,79,3
492,barsenkov_2010,2000-2012,2010,487,3,442,64,6
493,barsenkov_2010,2000-2012,2010,488,3,833,111,4
494,barsenkov_2010,2000-2012,2010,488,4,235,39,3
495,barsenkov_2010,2000-2012,2010,488,5,1021,125,3
496,barsenkov_2010,2000-2012,2010,488,6,385,46,9
497,barsenkov_2010,2000-2012,2010,489,0,840,114,3
498,barsenkov_2010,2000-2012,2010,489,1,794,102,6
499,barsenkov_2010,2000-2012,2010,489,2,907,118,12
500,barsenkov_2010,2000-2012,2010,489,3,208,25,2
501,barsenkov_2010,2000-2012,2010,490,0,771,123,7
502,barsenkov_2010,2000-2012,2010,490,1,735,115,6
503,barsenkov_2010,2000-2012,2010,490,2,840,150,5
504,barsenkov_2010,2000-2012,2010,491,2,645,84,6
505,barsenkov_2010,2000-2012,2010,491,3,473,69,8
506,barsenkov_2010,2000-2012,2010,492,1,748,97,12
507,barsenkov_2010,2000-2012,2010,492,3,224,35,5
508,barsenkov_2010,2000-2012,2010,492,4,390,49,6
509,barsenkov_2010,2000-2012,2010,493,0,473,71,5
510,barsenkov_2010,2000-2012,2010,493,1,641,89,3
511,barsenkov_2010,2000-2012,2010,493,3,770,109,10
512,barsenkov_2010,2000-2012,2010,493,4,593,83,3
513,barsenkov_2010,2000-2012,2010,494,0,471,65,7
514,barsenkov_2010,2000-2012,2010,494,2,1215,168,11
515,barsenkov_2010,2000-2012,2010,495,1,463,64,3
516,barsenkov_2010,2000-2012,2010,495,2,1384,201,2
517,barsenkov_2010,2000-2012,2010,496,0,476,65,2
518,barsenkov_2010,2000-2012,2010,496,2,658,94,3
519,barsenkov_2010,2000-2012,2010,496,3,280,43,2
520,barsenkov_2010,2000-2012,2010,496,5,651,87,3
521,barsenkov_2010,2000-2012,2010,497,0,447,68,3
522,barsenkov_2010,2000-2012,2010,497,2,805,111,7
523,barsenkov_2010,2000-2012,2010,498,3,1006,139,2
524,barsenkov_2010,2000-2012,2010,500,0,726,100,5
525,barsenkov_2010,2000-2012,2010,500,1,798,118,14
526,barsenkov_2010,2000-2012,2010,501,0,733,98,15
527,barsenkov_2010,2000-2012,2010,501,1,871,115,10
528,barsenkov_2010,2000-2012,2010,501,2,494,72,9
529,barsenkov_2010,2000-2012,2010,501,3,651,82,4
530,barsenkov_2010,2000-2012,2010,502,0,711,101,5
531,barsenkov_2010,2000-2012,2010,502,3,540,75,3
532,barsenkov_2010,2000-2012,2010,504,2,444,63,2
533,barsenkov_2010,2000-2012,2010,504,3,439,66,5
534,barsenkov_2010,2000-2012,2010,505,0,475,59,3
535,barsenkov_2010,2000-2012,2010,505,4,375,55,3
536,barsenkov_2010,2000-2012,2010,505,5,176,26,3
537,barsenkov_2010,2000-2012,2010,506,0,868,130,6
538,barsenkov_2010,2000-2012,2010,506,3,943,121,9
539,barsenkov_2010,2000-2012,2010,507,0,667,106,8
540,barsenkov_2010,2000-2012,2010,510,7,513,70,5
541,barsenkov_2010,2000-2012,2010,523,3,724,94,3
542,barsenkov_2010,2000-2012,2010,525,2,732,111,2
543,barsenkov_2010,2000-2012,2010,525,3,544,77,2
544,barsenkov_2010,2000-2012,2010,526,0,685,103,9
545,barsenkov_2010,2000-2012,2010,526,1,763,114,4
546,barsenkov_2010,2000-2012,2010,529,0,719,94,3
547,barsenkov_2010,2000-2012,2010,532,5,457,57,3
548,barsenkov_2010,2000-2012,2010,532,6,276,36,3
549,barsenkov_2010,2000-2012,2010,533,8,569,76,4
550,barsenkov_2010,2000-2012,2010,534,2,567,72,2
551,barsenkov_2010,2000-2012,2010,535,3,754,97,5
552,barsenkov_2010,2000-2012,2010,535,4,918,114,3
553,barsenkov_2010,2000-2012,2010,536,2,631,83,3
554,barsenkov_2010,2000-2012,2010,536,3,675,92,4
555,barsenkov_2010,2000-2012,2010,536,4,450,68,3
556,barsenkov_2010,2000-2012,2010,537,0,905,117,2
557,barsenkov_2010,2000-2012,2010,537,1,359,49,3
558,barsenkov_2010,2000-2012,2010,538,0,909,121,2
559,barsenkov_2010,2000-2012,2010,538,1,547,77,3
560,barsenkov_2010,2000-2012,2010,538,3,512,70,6
561,barsenkov_2010,2000-2012,2010,538,4,346,49,6
562,barsenkov_2010,2000-2012,2010,541,4,513,75,3
563,barsenkov_2010,2000-2012,2010,543,2,1222,149,3
564,barsenkov_2010,2000-2012,2010,544,1,510,71,6
565,barsenkov_2010,2000-2012,2010,544,2,548,78,2
566,barsenkov_2010,2000-2012,2010,544,5,407,61,2
567,barsenkov_2010,2000-2012,2010,551,1,414,57,4
568,barsenkov_2010,2000-2012,2010,553,0,1172,149,3
569,barsenkov_2010,2000-2012,2010,553,1,602,90,3
570,barsenkov_2010,2000-2012,2010,553,2,942,133,6
571,barsenkov_2010,2000-2012,2010,554,0,570,75,6
572,barsenkov_2010,2000-2012,2010,554,2,810,115,5
573,barsenkov_2010,2000-2012,2010,554,3,774,105,4
574,barsenkov_2010,2000-2012,2010,555,0,508,58,2
575,barsenkov_2010,2000-2012,2010,556,0,874,117,2
576,barsenkov_2010,2000-2012,2010,557,0,678,88,2
577,barsenkov_2010,2000-2012,2010,557,2,391,56,2
578,barsenkov_2010,2000-2012,2010,558,1,1295,162,3
579,barsenkov_2010,2000-2012,2010,560,1,1096,141,4
580,barsenkov_2010,2000-2012,2010,561,3,333,42,3
581,barsenkov_2010,2000-2012,2010,562,3,542,77,3
582,barsenkov_2010,2000-2012,2010,566,0,920,125,9
583,barsenkov_2010,2000-2012,2010,569,0,411,54,3
584,barsenkov_2010,2000-2012,2010,573,3,364,44,3
585,barsenkov_2010,2000-2012,2010,575,1,611,78,3
586,barsenkov_2010,2000-2012,2010,576,1,773,102,3
587,barsenkov_2010,2000-2012,2010,576,2,329,43,3
588,barsenkov_2010,2000-2012,2010,576,3,564,76,9
589,barsenkov_2010,2000-2012,2010,576,5,253,32,6
590,barsenkov_2010,2000-2012,2010,576,6,541,64,11
591,barsenkov_2010,2000-2012,2010,578,6,235,37,3
592,barsenkov_2010,2000-2012,2010,585,2,929,131,2
593,barsenkov_2010,2000-2012,2010,597,1,464,61,2
594,barsenkov_2010,2000-2012,2010,598,4,469,70,5
595,barsenkov_2010,2000-2012,2010,609,3,895,118,3
596,barsenkov_2010,2000-2012,2010,613,2,984,118,3
597,barsenkov_2010,2000-2012,2010,616,5,380,50,2
598,barsenkov_2010,2000-2012,2010,619,1,357,44,3
599,barsenkov_2010,2000-2012,2010,622,3,721,89,2
600,barsenkov_2010,2000-2012,2010,622,4,1170,163,3
601,barsenkov_2010,2000-2012,2010,623,2,837,116,9
602,barsenkov_2010,2000-2012,2010,624,5,402,54,2
603,barsenkov_2010,2000-2012,2010,627,1,353,54,4
604,barsenkov_2010,2000-2012,2010,629,0,721,111,2
605,barsenkov_2010,2000-2012,2010,630,1,830,109,6
606,barsenkov_2010,2000-2012,2010,630,2,185,32,4
607,barsenkov_2010,2000-2012,2010,635,0,747,92,2
608,barsenkov_2010,2000-2012,2010,639,0,545,75,2
609,barsenkov_2010,2000-2012,2010,640,5,330,44,2
610,barsenkov_2010,2000-2012,2010,646,1,389,52,2
611,barsenkov_2010,2000-2012,2010,650,1,858,105,2
612,barsenkov_2010,2000-2012,2010,651,4,309,44,4
613,barsenkov_2010,2000-2012,2010,651,5,569,77,2
614,barsenkov_2010,2000-2012,2010,654,6,639,83,3
615,barsenkov_2010,2000-2012,2010,659,0,811,101,2
616,barsenkov_2010,2000-2012,2010,660,1,939,116,2
617,barsenkov_2010,2000-2012,2010,665,1,1026,133,2
618,barsenkov_2010,2000-2012,2010,665,3,688,91,3
619,barsenkov_2010,2000-2012,2010,669,1,675,83,5
620,barsenkov_2010,2000-2012,2010,669,3,525,71,2
621,barsenkov_2010,2000-2012,2010,670,0,1131,136,8
622,barsenkov_2010,2000-2012,2010,672,1,830,123,3
623,barsenkov_2010,2000-2012,2010,673,1,621,83,2
624,barsenkov_2010,2000-2012,2010,681,0,1074,136,3
625,barsenkov_2010,2000-2012,2010,710,4,304,48,4
626,barsenkov_2010,2000-2012,2010,711,1,123,17,2
627,barsenkov_2010,2000-2012,2010,730,2,667,91,2
628,barsenkov_2010,2000-2012,2010,751,1,1173,153,2
629,barsenkov_2010,2000-2012,2010,780,2,914,141,2
630,barsenkov_2010,2000-2012,2010,781,0,886,123,2
631,barsenkov_2010,2000-2012,2010,795,0,626,88,2
632,barsenkov_2010,2000-2012,2010,837,4,129,19,2
633,barsenkov_2010,2000-2012,2010,839,0,783,109,2
634,barsenkov_2010,2000-2012,2010,841,0,857,126,2
635,barsenkov_2010,2000-2012,2010,868,0,881,115,2
636,barsenkov_2010,2000-2012,2010,877,1,885,125,3
637,barsenkov_2010,2000-2012,2010,877,2,813,111,4
638,barsenkov_2010,2000-2012,2010,882,1,170,29,2
639,barsenkov_2010,2000-2012,2010,882,3,265,37,6
640,barsenkov_2010,2000-2012,2010,882,6,134,19,6
641,barsenkov_2010,2000-2012,2010,882,10,193,27,3
642,barsenkov_2010,2000-2012,2010,882,11,121,18,2
643,barsenkov_2010,2000-2012,2010,882,12,187,25,3
644,barsenkov_2010,2000-2012,2010,882,13,201,30,3
645,barsenkov_2010,2000-2012,2010,882,14,154,23,2
646,barsenkov_2010,2000-2012,2010,882,18,126,20,5
647,barsenkov_2010,2000-2012,2010,883,4,192,29,2
648,barsenkov_2010,2000-2012,2010,883,5,124,17,3
649,barsenkov_2010,2000-2012,2010,883,6,150,23,16
650,barsenkov_2010,2000-2012,2010,883,13,263,38,3
651,barsenkov_2010,2000-2012,2010,883,18,183,25,2
652,barsenkov_2010,2000-2012,2010,884,13,257,35,6
653,barsenkov_2010,2000-2012,2010,884,14,94,20,5
654,barsenkov_2010,2000-2012,2010,885,2,138,22,7
655,barsenkov_2010,2000-2012,2010,885,6,179,26,4
656,barsenkov_2010,2000-2012,2010,886,5,90,15,3
657,barsenkov_2010,2000-2012,2010,886,11,172,23,2
658,barsenkov_2010,2000-2012,2010,888,20,91,17,2
659,barsenkov_2010,2000-2012,2010,888,28,103,16,3
660,barsenkov_2010,2000-2012,2010,889,18,77,16,3
661,barsenkov_2010,2000-2012,2010,890,6,116,19,4
662,barsenkov_2010,2000-2012,2010,891,10,154,20,2
663,barsenkov_2010,2000-2012,2010,892,21,86,15,3
664,barsenkov_2010,2000-2012,2010,892,24,112,16,2
665,barsenkov_2010,2000-2012,2010,893,5,88,16,6
666,barsenkov_2010,2000-2012,2010,893,9,103,20,4
667,barsenkov_2010,2000-2012,2010,893,13,170,22,5
668,barsenkov_2010,2000-2012,2010,893,20,180,25,2
669,barsenkov_2010,2000-2012,2010,893,21,99,16,3
670,barsenkov_2010,2000-2012,2010,894,14,226,32,6
671,barsenkov_2010,2000-2012,2010,894,18,189,25,3
672,barsenkov_2010,2000-2012,2010,894,19,165,22,3
673,barsenkov_2010,2000-2012,2010,895,16,145,19,3
674,barsenkov_2010,2000-2012,2010,895,18,98,17,4
675,barsenkov_2010,2000-2012,2010,896,3,127,18,2
676,barsenkov_2010,2000-2012,2010,896,12,95,16,4
677,barsenkov_2010,2000-2012,2010,896,14,201,33,3
678,barsenkov_2010,2000-2012,2010,897,3,90,15,3
679,barsenkov_2010,2000-2012,2010,897,4,157,21,6
680,barsenkov_2010,2000-2012,2010,898,1,167,23,3
681,barsenkov_2010,2000-2012,2010,898,8,191,25,2
682,barsenkov_2010,2000-2012,2010,899,12,313,39,5
683,barsenkov_2010,2000-2012,2010,917,22,80,18,3
684,barsenkov_2010,2000-2012,2010,923,4,455,30,2
685,barsenkov_2010,2000-2012,2010,923,6,279,15,2
686,barsenkov_2010,2000-2012,2010,923,8,349,16,3
687,khromenkova_2012,2000-2012,2012,7,1,412,27,3
688,khromenkova_2012,2000-2012,2012,7,2,271,17,3
689,khromenkova_2012,2000-2012,2012,51,1,714,110,2
690,khromenkova_2012,2000-2012,2012,72,0,562,69,2
691,khromenkova_2012,2000-2012,2012,91,1,1008,123,4
692,khromenkova_2012,2000-2012,2012,93,0,121,16,2
693,khromenkova_2012,2000-2012,2012,98,8,371,44,2
694,khromenkova_2012,2000-2012,2012,100,5,813,101,2
695,khromenkova_2012,2000-2012,2012,102,3,802,98,2
696,khromenkova_2012,2000-2012,2012,111,6,660,86,2
697,khromenkova_2012,2000-2012,2012,115,1,389,52,2
698,khromenkova_2012,2000-2012,2012,120,1,534,68,3
699,khromenkova_2012,2000-2012,2012,123,2,822,108,3
700,khromenkova_2012,2000-2012,2012,124,3,918,136,4
701,khromenkova_2012,2000-2012,2012,125,0,823,113,6
702,khromenkova_2012,2000-2012,2012,126,3,442,61,6
703,khromenkova_2012,2000-2012,2012,126,5,1226,159,6
704,khromenkova_2012,2000-2012,2012,128,0,708,86,6
705,khromenkova_2012,2000-2012,2012,129,0,708,97,3
706,khromenkova_2012,2000-2012,2012,129,1,1116,141,7
707,khromenkova_2012,2000-2012,2012,129,2,1190,136,17
708,khromenkova_2012,2000-2012,2012,129,3,1412,186,10
709,khromenkova_2012,2000-2012,2012,132,0,641,82,7
710,khromenkova_2012,2000-2012,2012,132,1,761,97,6
711,khromenkova_2012,2000-2012,2012,132,2,1105,146,3
712,khromenkova_2012,2000-2012,2012,132,3,1119,140,4
713,khromenkova_2012,2000-2012,2012,132,4,345,40,4
714,khromenkova_2012,2000-2012,2012,132,5,367,52,4
715,khromenkova_2012,2000-2012,2012,132,6,718,105,4
716,khromenkova_2012,2000-2012,2012,132,7,501,70,6
717,khromenkova_2012,2000-2012,2012,133,0,860,113,4
718,khromenkova_2012,2000-2012,2012,133,1,1176,162,6
719,khromenkova_2012,2000-2012,2012,133,2,668,102,5
720,khromenkova_2012,2000-2012,2012,133,3,150,19,4
721,khromenkova_2012,2000-2012,2012,134,0,389,54,8
722,khromenkova_2012,2000-2012,2012,136,2,260,38,4
723,khromenkova_2012,2000-2012,2012,140,1,302,38,3
724,khromenkova_2012,2000-2012,2012,143,0,506,58,5
725,khromenkova_2012,2000-2012,2012,146,1,404,55,6
726,khromenkova_2012,2000-2012,2012,150,3,939,111,2
727,khromenkova_2012,2000-2012,2012,151,5,739,95,3
728,khromenkova_2012,2000-2012,2012,152,0,227,32,3
729,khromenkova_2012,2000-2012,2012,154,2,511,77,4
730,khromenkova_2012,2000-2012,2012,155,2,695,83,9
731,khromenkova_2012,2000-2012,2012,155,4,496,62,7
732,khromenkova_2012,2000-2012,2012,157,1,329,47,4
733,khromenkova_2012,2000-2012,2012,157,2,424,65,7
734,khromenkova_2012,2000-2012,2012,157,3,373,47,3
735,khromenkova_2012,2000-2012,2012,157,4,309,41,2
736,khromenkova_2012,2000-2012,2012,158,6,764,103,2
737,khromenkova_2012,2000-2012,2012,158,11,214,23,3
738,khromenkova_2012,2000-2012,2012,160,4,500,64,3
739,khromenkova_2012,2000-2012,2012,165,0,705,87,3
740,khromenkova_2012,2000-2012,2012,172,4,748,88,2
741,ostrovsky_2001,2000-2012,2001,18,1,629,97,2
742,ostrovsky_2001,2000-2012,2001,24,3,579,75,2
743,ostrovsky_2001,2000-2012,2001,61,2,283,43,2
744,ostrovsky_2001,2000-2012,2001,67,0,1098,141,2
745,ostrovsky_2001,2000-2012,2001,68,0,485,69,2
746,ostrovsky_2001,2000-2012,2001,70,0,741,104,2
747,ostrovsky_2001,2000-2012,2001,83,4,334,50,2
748,ostrovsky_2001,2000-2012,2001,91,4,371,50,2
749,ostrovsky_2001,2000-2012,2001,93,2,388,51,2
750,ostrovsky_2001,2000-2012,2001,98,1,596,83,2
751,ostrovsky_2001,2000-2012,2001,142,2,325,46,2
752,ostrovsky_2001,2000-2012,2001,143,0,322,41,2
753,ostrovsky_2001,2000-2012,2001,143,1,392,63,2
754,ostrovsky_2001,2000-2012,2001,155,1,373,58,2
755,ostrovsky_2001,2000-2012,2001,157,1,769,104,2
756,ostrovsky_2001,2000-2012,2001,164,3,482,70,3
757,ostrovsky_2001,2000-2012,2001,165,2,577,82,2
758,ostrovsky_2001,2000-2012,2001,177,1,847,123,2
759,ostrovsky_2001,2000-2012,2001,178,1,648,76,4
760,ostrovsky_2001,2000-2012,2001,178,2,763,98,4
761,ostrovsky_2001,2000-2012,2001,178,4,339,43,2
762,ostrovsky_2001,2000-2012,2001,183,1,394,56,2
763,ostrovsky_2001,2000-2012,2001,193,1,324,49,3
764,ostrovsky_2001,2000-2012,2001,199,0,435,56,5
765,ostrovsky_2001,2000-2012,2001,199,1,611,83,3
766,ostrovsky_2001,2000-2012,2001,200,0,314,42,2
767,ostrovsky_2001,2000-2012,2001,201,0,801,112,5
768,ostrovsky_2001,2000-2012,2001,201,1,531,80,3
769,ostrovsky_2001,2000-2012,2001,202,0,606,91,5
770,ostrovsky_2001,2000-2012,2001,202,1,498,74,3
771,ostrovsky_2001,2000-2012,2001,202,2,538,78,13
772,ostrovsky_2001,2000-2012,2001,203,0,521,84,6
773,ostrovsky_2001,2000-2012,2001,203,1,366,55,3
774,ostrovsky_2001,2000-2012,2001,203,3,189,23,2
775,ostrovsky_2001,2000-2012,2001,204,0,433,56,2
776,ostrovsky_2001,2000-2012,2001,213,0,673,91,2
777,ostrovsky_2001,2000-2012,2001,213,1,588,80,4
778,ostrovsky_2001,2000-2012,2001,214,0,262,34,3
779,ostrovsky_2001,2000-2012,2001,214,2,624,82,5
780,ostrovsky_2001,2000-2012,2001,216,0,267,40,2
781,ostrovsky_2001,2000-2012,2001,217,0,630,85,2
782,ostrovsky_2001,2000-2012,2001,217,1,496,77,2
783,ostrovsky_2001,2000-2012,2001,218,0,310,43,4
784,ostrovsky_2001,2000-2012,2001,218,1,526,70,5
785,ostrovsky_2001,2000-2012,2001,218,2,456,59,2
786,ostrovsky_2001,2000-2012,2001,219,1,596,82,3
787,ostrovsky_2001,2000-2012,2001,220,0,548,77,3
788,ostrovsky_2001,2000-2012,2001,222,0,749,89,2
789,ostrovsky_2001,2000-2012,2001,222,5,930,114,6
790,ostrovsky_2001,2000-2012,2001,222,7,654,85,3
791,ostrovsky_2001,2000-2012,2001,223,0,889,112,2
792,ostrovsky_2001,2000-2012,2001,223,1,648,81,4
793,ostrovsky_2001,2000-2012,2001,226,0,455,77,3
794,ostrovsky_2001,2000-2012,2001,226,1,224,42,2
795,ostrovsky_2001,2000-2012,2001,227,0,346,61,2
796,ostrovsky_2001,2000-2012,2001,229,1,678,101,2
797,ostrovsky_2001,2000-2012,2001,231,0,226,24,8
798,ostrovsky_2001,2000-2012,2001,231,2,351,49,3
799,ostrovsky_2001,2000-2012,2001,233,1,225,31,6
800,ostrovsky_2001,2000-2012,2001,234,0,488,69,6
801,ostrovsky_2001,2000-2012,2001,234,1,803,109,6
802,ostrovsky_2001,2000-2012,2001,234,2,392,53,3
803,ostrovsky_2001,2000-2012,2001,235,0,412,66,3
804,ostrovsky_2001,2000-2012,2001,235,1,255,42,2
805,ostrovsky_2001,2000-2012,2001,235,2,642,91,8
806,ostrovsky_2001,2000-2012,2001,236,0,804,105,10
807,ostrovsky_2001,2000-2012,2001,236,3,1046,145,7
808,ostrovsky_2001,2000-2012,2001,236,4,596,91,13
809,ostrovsky_2001,2000-2012,2001,236,9,192,28,2
810,ostrovsky_2001,2000-2012,2001,237,1,753,99,4
811,ostrovsky_2001,2000-2012,2001,237,2,603,85,6
812,ostrovsky_2001,2000-2012,2001,242,2,391,59,3
813,ostrovsky_2001,2000-2012,2001,242,3,653,107,12
814,ostrovsky_2001,2000-2012,2001,243,0,309,50,10
815,ostrovsky_2001,2000-2012,2001,243,1,344,60,9
816,ostrovsky_2001,2000-2012,2001,243,2,487,87,3
817,ostrovsky_2001,2000-2012,2001,243,3,323,57,6
818,ostrovsky_2001,2000-2012,2001,244,0,314,62,4
819,ostrovsky_2001,2000-2012,2001,244,1,345,58,12
820,ostrovsky_2001,2000-2012,2001,245,0,389,50,2
821,ostrovsky_2001,2000-2012,2001,245,1,657,89,8
822,ostrovsky_2001,2000-2012,2001,247,0,320,47,12
823,ostrovsky_2001,2000-2012,2001,247,1,511,74,3
824,ostrovsky_2001,2000-2012,2001,247,2,448,75,9
825,ostrovsky_2001,2000-2012,2001,249,0,223,33,5
826,ostrovsky_2001,2000-2012,2001,252,1,1104,144,4
827,ostrovsky_2001,2000-2012,2001,253,1,614,85,2
828,ostrovsky_2001,2000-2012,2001,254,1,500,78,3
829,ostrovsky_2001,2000-2012,2001,255,1,829,122,7
830,ostrovsky_2001,2000-2012,2001,256,3,167,21,3
831,ostrovsky_2001,2000-2012,2001,257,0,608,84,3
832,ostrovsky_2001,2000-2012,2001,259,2,1053,135,2
833,ostrovsky_2001,2000-2012,2001,260,0,735,101,6
834,ostrovsky_2001,2000-2012,2001,260,1,689,91,2
835,ostrovsky_2001,2000-2012,2001,261,0,563,90,9
836,ostrovsky_2001,2000-2012,2001,261,1,627,93,9
837,ostrovsky_2001,2000-2012,2001,264,1,404,65,3
838,ostrovsky_2001,2000-2012,2001,265,1,724,101,3
839,ostrovsky_2001,2000-2012,2001,266,1,625,84,9
840,ostrovsky_2001,2000-2012,2001,268,1,467,71,4
841,ostrovsky_2001,2000-2012,2001,268,2,565,78,8
842,ostrovsky_2001,2000-2012,2001,269,3,822,118,3
843,ostrovsky_2001,2000-2012,2001,272,0,530,84,7
844,ostrovsky_2001,2000-2012,2001,272,1,385,64,6
845,ostrovsky_2001,2000-2012,2001,275,1,269,38,3
846,ostrovsky_2001,2000-2012,2001,277,2,359,52,3
847,ostrovsky_2001,2000-2012,2001,278,2,410,63,6
848,ostrovsky_2001,2000-2012,2001,279,0,800,122,2
849,ostrovsky_2001,2000-2012,2001,280,2,597,86,6
850,ostrovsky_2001,2000-2012,2001,280,3,736,113,6
851,ostrovsky_2001,2000-2012,2001,283,2,323,54,3
852,ostrovsky_2001,2000-2012,2001,285,0,321,46,3
853,ostrovsky_2001,2000-2012,2001,285,2,865,126,9
854,ostrovsky_2001,2000-2012,2001,287,2,151,27,3
855,ostrovsky_2001,2000-2012,2001,289,0,517,69,2
856,ostrovsky_2001,2000-2012,2001,289,1,458,60,3
857,ostrovsky_2001,2000-2012,2001,289,2,466,71,6
858,ostrovsky_2001,2000-2012,2001,289,3,272,39,3
859,ostrovsky_2001,2000-2012,2001,290,1,547,87,6
860,ostrovsky_2001,2000-2012,2001,290,2,875,127,8
861,ostrovsky_2001,2000-2012,2001,290,3,903,140,8
862,ostrovsky_2001,2000-2012,2001,290,4,536,73,3
863,ostrovsky_2001,2000-2012,2001,296,0,396,58,3
864,ostrovsky_2001,2000-2012,2001,297,0,415,58,3
865,ostrovsky_2001,2000-2012,2001,297,1,315,47,3
866,ostrovsky_2001,2000-2012,2001,300,0,594,81,2
867,ostrovsky_2001,2000-2012,2001,300,1,596,85,2
868,ostrovsky_2001,2000-2012,2001,300,5,501,68,5
869,ostrovsky_2001,2000-2012,2001,301,0,527,78,2
870,ostrovsky_2001,2000-2012,2001,301,2,411,51,3
871,ostrovsky_2001,2000-2012,2001,302,0,726,105,8
872,ostrovsky_2001,2000-2012,2001,303,0,793,113,6
873,ostrovsky_2001,2000-2012,2001,310,1,547,77,4
874,ostrovsky_2001,2000-2012,2001,313,0,730,97,6
875,ostrovsky_2001,2000-2012,2001,325,6,564,86,3
876,ostrovsky_2001,2000-2012,2001,327,0,485,78,5
877,ostrovsky_2001,2000-2012,2001,327,1,799,98,2
878,ostrovsky_2001,2000-2012,2001,328,0,635,91,3
879,ostrovsky_2001,2000-2012,2001,328,1,656,89,3
880,ostrovsky_2001,2000-2012,2001,328,5,453,70,9
881,ostrovsky_2001,2000-2012,2001,331,0,699,106,6
882,ostrovsky_2001,2000-2012,2001,344,0,426,60,2
883,ostrovsky_2001,2000-2012,2001,344,1,555,77,7
884,ostrovsky_2001,2000-2012,2001,344,2,557,79,2
885,ostrovsky_2001,2000-2012,2001,346,0,786,99,5
886,ostrovsky_2001,2000-2012,2001,347,0,601,80,2
887,ostrovsky_2001,2000-2012,2001,347,1,205,25,5
888,ostrovsky_2001,2000-2012,2001,348,0,220,34,3
889,ostrovsky_2001,2000-2012,2001,348,1,311,47,3
890,ostrovsky_2001,2000-2012,2001,348,2,306,49,7
891,ostrovsky_2001,2000-2012,2001,348,3,402,60,5
892,ostrovsky_2001,2000-2012,2001,348,4,343,53,6
893,ostrovsky_2001,2000-2012,2001,349,0,755,109,8
894,ostrovsky_2001,2000-2012,2001,350,0,493,65,3
895,ostrovsky_2001,2000-2012,2001,351,1,412,54,6
896,ostrovsky_2001,2000-2012,2001,351,2,367,54,3
897,ostrovsky_2001,2000-2012,2001,351,4,292,43,3
898,ostrovsky_2001,2000-2012,2001,351,5,287,41,5
899,ostrovsky_2001,2000-2012,2001,351,6,151,23,3
900,ostrovsky_2001,2000-2012,2001,351,7,403,58,3
901,ostrovsky_2001,2000-2012,2001,351,8,567,80,3
902,ostrovsky_2001,2000-2012,2001,352,2,448,61,3
903,ostrovsky_2001,2000-2012,2001,352,3,449,63,4
904,ostrovsky_2001,2000-2012,2001,352,5,421,58,2
905,ostrovsky_2001,2000-2012,2001,354,1,474,67,4
906,ostrovsky_2001,2000-2012,2001,354,6,458,68,6
907,ostrovsky_2001,2000-2012,2001,354,7,384,49,3
908,ostrovsky_2001,2000-2012,2001,355,2,713,91,3
909,ostrovsky_2001,2000-2012,2001,358,1,514,65,3
910,ostrovsky_2001,2000-2012,2001,361,0,1150,161,8
911,ostrovsky_2001,2000-2012,2001,362,0,611,91,3
912,ostrovsky_2001,2000-2012,2001,362,1,690,100,4
913,ostrovsky_2001,2000-2012,2001,363,1,328,48,5
914,ostrovsky_2001,2000-2012,2001,365,0,316,45,7
915,ostrovsky_2001,2000-2012,2001,365,1,446,63,9
916,ostrovsky_2001,2000-2012,2001,365,2,619,87,12
917,ostrovsky_2001,2000-2012,2001,366,0,333,48,10
918,ostrovsky_2001,2000-2012,2001,366,1,359,54,7
919,ostrovsky_2001,2000-2012,2001,366,3,308,50,6
920,ostrovsky_2001,2000-2012,2001,366,4,218,32,3
921,ostrovsky_2001,2000-2012,2001,366,5,358,51,8
922,ostrovsky_2001,2000-2012,2001,366,6,399,56,6
923,ostrovsky_2001,2000-2012,2001,366,7,431,64,3
924,ostrovsky_2001,2000-2012,2001,366,8,245,36,5
925,ostrovsky_2001,2000-2012,2001,367,0,330,48,4
926,ostrovsky_2001,2000-2012,2001,368,1,657,88,2
927,ostrovsky_2001,2000-2012,2001,368,2,531,72,6
928,ostrovsky_2001,2000-2012,2001,369,0,596,88,14
929,ostrovsky_2001,2000-2012,2001,369,5,361,53,3
930,ostrovsky_2001,2000-2012,2001,369,6,272,37,2
931,ostrovsky_2001,2000-2012,2001,372,3,549,87,3
932,ostrovsky_2001,2000-2012,2001,372,4,816,117,5
933,ostrovsky_2001,2000-2012,2001,374,0,1131,151,3
934,ostrovsky_2001,2000-2012,2001,374,1,401,51,6
935,ostrovsky_2001,2000-2012,2001,376,0,332,47,3
936,ostrovsky_2001,2000-2012,2001,378,0,301,45,6
937,ostrovsky_2001,2000-2012,2001,378,2,490,71,3
938,ostrovsky_2001,2000-2012,2001,380,0,140,24,4
939,ostrovsky_2001,2000-2012,2001,381,0,213,33,3
940,ostrovsky_2001,2000-2012,2001,381,2,449,65,3
941,ostrovsky_2001,2000-2012,2001,381,3,296,48,6
942,ostrovsky_2001,2000-2012,2001,382,0,673,105,5
943,ostrovsky_2001,2000-2012,2001,383,3,170,24,2
944,ostrovsky_2001,2000-2012,2001,385,0,314,46,3
945,ostrovsky_2001,2000-2012,2001,386,0,106,16,3
946,ostrovsky_2001,2000-2012,2001,387,0,215,30,2
947,ostrovsky_2001,2000-2012,2001,389,1,765,101,3
948,ostrovsky_2001,2000-2012,2001,389,2,282,37,2
949,ostrovsky_2001,2000-2012,2001,390,0,484,69,6
950,ostrovsky_2001,2000-2012,2001,390,2,678,88,3
951,ostrovsky_2001,2000-2012,2001,391,0,892,127,6
952,ostrovsky_2001,2000-2012,2001,391,1,779,104,10
953,ostrovsky_2001,2000-2012,2001,392,0,629,90,6
954,ostrovsky_2001,2000-2012,2001,392,1,399,59,9
955,ostrovsky_2001,2000-2012,2001,392,2,510,64,6
956,ostrovsky_2001,2000-2012,2001,393,0,826,106,3
957,ostrovsky_2001,2000-2012,2001,393,1,598,83,3
958,ostrovsky_2001,2000-2012,2001,394,0,531,75,5
959,ostrovsky_2001,2000-2012,2001,394,1,449,58,4
960,ostrovsky_2001,2000-2012,2001,394,2,836,110,5
961,ostrovsky_2001,2000-2012,2001,395,0,684,91,3
962,ostrovsky_2001,2000-2012,2001,397,0,254,40,3
963,ostrovsky_2001,2000-2012,2001,397,2,397,51,2
964,ostrovsky_2001,2000-2012,2001,398,0,386,61,2
965,ostrovsky_2001,2000-2012,2001,399,0,514,75,8
966,ostrovsky_2001,2000-2012,2001,399,1,1156,166,7
967,ostrovsky_2001,2000-2012,2001,399,2,464,73,6
968,ostrovsky_2001,2000-2012,2001,399,3,532,81,4
969,ostrovsky_2001,2000-2012,2001,400,0,147,26,9
970,ostrovsky_2001,2000-2012,2001,401,0,395,61,3
971,ostrovsky_2001,2000-2012,2001,402,0,184,26,3
972,ostrovsky_2001,2000-2012,2001,407,2,613,93,3
973,ostrovsky_2001,2000-2012,2001,408,0,397,55,3
974,ostrovsky_2001,2000-2012,2001,410,1,618,93,8
975,ostrovsky_2001,2000-2012,2001,410,2,397,51,3
976,ostrovsky_2001,2000-2012,2001,413,0,442,64,3
977,ostrovsky_2001,2000-2012,2001,415,2,761,106,3
978,ostrovsky_2001,2000-2012,2001,417,0,563,75,3
979,ostrovsky_2001,2000-2012,2001,417,1,878,123,3
980,ostrovsky_2001,2000-2012,2001,424,1,273,43,3
981,ostrovsky_2001,2000-2012,2001,432,0,534,70,3
982,ostrovsky_2001,2000-2012,2001,436,1,669,98,3
983,ostrovsky_2001,2000-2012,2001,445,0,917,122,9
984,ostrovsky_2001,2000-2012,2001,446,4,145,22,2
985,ostrovsky_2001,2000-2012,2001,449,4,304,38,4
986,ostrovsky_2001,2000-2012,2001,449,5,380,49,4
987,ostrovsky_2001,2000-2012,2001,450,0,661,92,2
988,ostrovsky_2001,2000-2012,2001,458,0,419,56,2
989,ostrovsky_2001,2000-2012,2001,460,1,507,68,2
990,ostrovsky_2001,2000-2012,2001,465,4,335,53,2
991,ostrovsky_2001,2000-2012,2001,478,0,571,83,2
992,ostrovsky_2001,2000-2012,2001,478,1,157,28,3
993,ostrovsky_2001,2000-2012,2001,478,2,419,62,2
994,ostrovsky_2001,2000-2012,2001,482,0,641,91,3
995,ostrovsky_2001,2000-2012,2001,482,1,622,101,2
996,ostrovsky_2001,2000-2012,2001,499,1,643,83,2
997,ostrovsky_2001,2000-2012,2001,503,6,626,83,2
998,ostrovsky_2001,2000-2012,2001,523,3,422,66,2
999,ostrovsky_2001,2000-2012,2001,545,0,747,119,3
1000,ostrovsky_2001,2000-2012,2001,545,2,237,38,8
1001,ostrovsky_2001,2000-2012,2001,545,3,296,44,4
1002,ostrovsky_2001,2000-2012,2001,547,0,1321,186,11
1003,ostrovsky_2001,2000-2012,2001,549,1,552,78,2
1004,ostrovsky_2001,2000-2012,2001,550,2,490,76,2
1005,tereshenko_2010,2000-2012,2010,4,1,415,48,2
1006,tereshenko_2010,2000-2012,2010,7,0,490,62,2
1007,tereshenko_2010,2000-2012,2010,25,0,769,97,2
1008,tereshenko_2010,2000-2012,2010,28,2,141,17,2
1009,tereshenko_2010,2000-2012,2010,58,0,365,48,2
1010,tereshenko_2010,2000-2012,2010,65,1,584,76,2
1011,tereshenko_2010,2000-2012,2010,84,0,818,91,2
1012,tereshenko_2010,2000-2012,2010,91,1,712,89,2
1013,tereshenko_2010,2000-2012,2010,98,0,518,68,2
1014,tereshenko_2010,2000-2012,2010,117,6,313,40,3
1015,tereshenko_2010,2000-2012,2010,127,0,489,60,4
1016,tereshenko_2010,2000-2012,2010,128,0,462,66,3
1017,tereshenko_2010,2000-2012,2010,183,1,298,42,2
1018,tereshenko_2010,2000-2012,2010,188,0,170,29,3
1019,tereshenko_2010,2000-2012,2010,195,0,468,70,2
1020,tereshenko_2010,2000-2012,2010,199,0,450,54,3
1021,tereshenko_2010,2000-2012,2010,203,0,611,80,3
1022,tereshenko_2010,2000-2012,2010,229,1,254,35,4
1023,tereshenko_2010,2000-2012,2010,239,0,805,109,4
1024,tereshenko_2010,2000-2012,2010,240,0,547,67,4
1025,tereshenko_2010,2000-2012,2010,244,0,469,70,2
1026,tereshenko_2010,2000-2012,2010,263,2,470,67,2
1027,tereshenko_2010,2000-2012,2010,289,0,564,73,4
1028,tereshenko_2010,2000-2012,2010,292,0,736,97,2
1029,tereshenko_2010,2000-2012,2010,293,0,405,56,4
1030,tereshenko_2010,2000-2012,2010,322,0,480,69,2
1031,tereshenko_2010,2000-2012,2010,332,0,424,57,3
1032,tereshenko_2010,2000-2012,2010,333,2,201,33,3
1033,tereshenko_2010,2000-2012,2010,334,1,247,32,7
1034,tereshenko_2010,2000-2012,2010,334,2,294,37,2
1035,tereshenko_2010,2000-2012,2010,336,0,310,46,4
1036,tereshenko_2010,2000-2012,2010,336,1,119,18,2
1037,tereshenko_2010,2000-2012,2010,341,1,312,51,3
1038,tereshenko_2010,2000-2012,2010,350,0,498,63,3
1039,tereshenko_2010,2000-2012,2010,352,0,567,85,3
1040,tereshenko_2010,2000-2012,2010,354,0,262,37,3
1041,tereshenko_2010,2000-2012,2010,359,1,435,62,3
1042,tereshenko_2010,2000-2012,2010,364,0,652,83,3
1043,tereshenko_2010,2000-2012,2010,365,0,755,100,3
1044,tereshenko_2010,2000-2012,2010,366,0,585,76,3
1045,tereshenko_2010,2000-2012,2010,368,0,349,55,6
1046,tereshenko_2010,2000-2012,2010,370,0,617,87,6
1047,tereshenko_2010,2000-2012,2010,375,0,1078,126,2
1048,tereshenko_2010,2000-2012,2010,387,0,504,66,4
1049,tereshenko_2010,2000-2012,2010,392,0,619,86,2
1050,tereshenko_2010,2000-2012,2010,393,0,414,55,3
1051,tereshenko_2010,2000-2012,2010,394,0,529,68,2
1052,tereshenko_2010,2000-2012,2010,409,0,882,117,6
1053,tereshenko_2010,2000-2012,2010,411,1,251,32,3
1054,tereshenko_2010,2000-2012,2010,413,0,399,64,3
1055,tereshenko_2010,2000-2012,2010,413,1,204,29,8
1056,tereshenko_2010,2000-2012,2010,414,0,631,94,6
1057,tereshenko_2010,2000-2012,2010,415,0,291,38,4
1058,tereshenko_2010,2000-2012,2010,415,1,370,45,7
1059,tereshenko_2010,2000-2012,2010,415,2,204,26,8
1060,tereshenko_2010,2000-2012,2010,416,0,583,81,4
1061,tereshenko_2010,2000-2012,2010,417,0,323,45,4
1062,tereshenko_2010,2000-2012,2010,418,0,294,38,6
1063,tereshenko_2010,2000-2012,2010,419,0,627,80,6
1064,tereshenko_2010,2000-2012,2010,421,0,289,44,2
1065,tereshenko_2010,2000-2012,2010,421,1,450,67,3
1066,tereshenko_2010,2000-2012,2010,422,1,272,32,5
1067,tereshenko_2010,2000-2012,2010,423,0,219,31,4
1068,tereshenko_2010,2000-2012,2010,469,0,377,50,2
1069,tereshenko_2010,2000-2012,2010,499,0,749,95,2
1070,tereshenko_2010,2000-2012,2010,501,0,469,55,2
1071,tereshenko_2010,2000-2012,2010,511,0,496,56,2
1072,tereshenko_2010,2000-2012,2010,517,0,292,38,6
1073,tereshenko_2010,2000-2012,2010,517,1,556,75,5
1074,tereshenko_2010,2000-2012,2010,518,0,768,111,7
1075,tereshenko_2010,2000-2012,2010,519,0,340,45,5
1076,tereshenko_2010,2000-2012,2010,520,0,764,95,8
1077,tereshenko_2010,2000-2012,2010,521,0,517,75,6
1078,tereshenko_2010,2000-2012,2010,522,0,390,42,3
1079,tereshenko_2010,2000-2012,2010,527,0,854,112,9
1080,tereshenko_2010,2000-2012,2010,531,0,386,41,3
1081,tereshenko_2010,2000-2012,2010,532,0,699,87,2
1082,tereshenko_2010,2000-2012,2010,533,0,538,83,3
1083,tereshenko_2010,2000-2012,2010,536,0,718,96,6
1084,tereshenko_2010,2000-2012,2010,536,1,232,38,3
1085,tereshenko_2010,2000-2012,2010,537,0,335,43,5
1086,tereshenko_2010,2000-2012,2010,538,0,234,34,4
1087,tereshenko_2010,2000-2012,2010,539,0,494,73,18
1088,tereshenko_2010,2000-2012,2010,540,0,363,46,5
1089,tereshenko_2010,2000-2012,2010,540,1,236,34,5
1090,tereshenko_2010,2000-2012,2010,541,0,410,50,2
1091,tereshenko_2010,2000-2012,2010,542,0,471,54,4
1092,tereshenko_2010,2000-2012,2010,543,0,327,34,2
1093,tereshenko_2010,2000-2012,2010,548,0,222,26,2
1094,tereshenko_2010,2000-2012,2010,549,0,919,130,9
1095,tereshenko_2010,2000-2012,2010,550,0,622,87,2
1096,tereshenko_2010,2000-2012,2010,551,0,573,80,2
1097,tereshenko_2010,2000-2012,2010,555,0,410,59,3
1098,tereshenko_2010,2000-2012,2010,556,0,469,63,5
1099,tereshenko_2010,2000-2012,2010,557,0,450,55,2
1100,tereshenko_2010,2000-2012,2010,558,0,359,49,7
1101,tereshenko_2010,2000-2012,2010,559,0,541,68,4
1102,tereshenko_2010,2000-2012,2010,559,1,401,59,4
1103,tereshenko_2010,2000-2012,2010,560,0,483,65,3
1104,tereshenko_2010,2000-2012,2010,560,1,241,36,4
1105,tereshenko_2010,2000-2012,2010,561,0,253,42,4
1106,tereshenko_2010,2000-2012,2010,562,0,552,77,5
1107,tereshenko_2010,2000-2012,2010,563,0,537,68,3
1108,tereshenko_2010,2000-2012,2010,564,0,536,63,4
1109,tereshenko_2010,2000-2012,2010,566,0,699,90,4
1110,tereshenko_2010,2000-2012,2010,575,0,304,37,3
1111,tereshenko_2010,2000-2012,2010,576,0,672,98,6
1112,tereshenko_2010,2000-2012,2010,577,0,517,72,7
1113,tereshenko_2010,2000-2012,2010,591,0,640,90,5
1114,tereshenko_2010,2000-2012,2010,591,1,197,27,3
1115,tereshenko_2010,2000-2012,2010,594,0,764,101,3
1116,tereshenko_2010,2000-2012,2010,595,0,615,76,6
1117,tereshenko_2010,2000-2012,2010,596,0,526,72,9
1118,tereshenko_2010,2000-2012,2010,597,0,685,101,8
1119,tereshenko_2010,2000-2012,2010,598,0,344,49,5
1120,tereshenko_2010,2000-2012,2010,599,0,359,49,8
1121,tereshenko_2010,2000-2012,2010,600,0,226,36,6
1122,tereshenko_2010,2000-2012,2010,601,0,380,54,8
1123,tereshenko_2010,2000-2012,2010,601,1,231,29,3
1124,tereshenko_2010,2000-2012,2010,602,0,233,35,6
1125,tereshenko_2010,2000-2012,2010,603,0,337,49,6
1126,tereshenko_2010,2000-2012,2010,605,0,451,60,11
1127,tereshenko_2010,2000-2012,2010,606,0,392,58,8
1128,tereshenko_2010,2000-2012,2010,607,0,834,118,9
1129,tereshenko_2010,2000-2012,2010,608,0,369,52,8
1130,tereshenko_2010,2000-2012,2010,609,0,353,49,11
1131,tereshenko_2010,2000-2012,2010,609,1,249,40,7
1132,tereshenko_2010,2000-2012,2010,610,0,233,30,4
1133,tereshenko_2010,2000-2012,2010,611,0,321,50,6
1134,tereshenko_2010,2000-2012,2010,611,1,118,21,8
1135,tereshenko_2010,2000-2012,2010,612,0,422,59,10
1136,tereshenko_2010,2000-2012,2010,612,1,446,65,6
1137,tereshenko_2010,2000-2012,2010,613,0,430,60,3
1138,tereshenko_2010,2000-2012,2010,614,0,227,34,5
1139,tereshenko_2010,2000-2012,2010,615,0,732,89,2
1140,tereshenko_2010,2000-2012,2010,616,0,523,67,2
1141,tereshenko_2010,2000-2012,2010,618,1,312,37,4
1142,tereshenko_2010,2000-2012,2010,619,0,446,65,2
1143,tereshenko_2010,2000-2012,2010,635,0,324,44,2
1144,tereshenko_2010,2000-2012,2010,637,0,598,82,7
1145,tereshenko_2010,2000-2012,2010,638,0,396,48,5
1146,tereshenko_2010,2000-2012,2010,642,0,288,34,2
1147,tereshenko_2010,2000-2012,2010,647,0,783,96,4
1148,tereshenko_2010,2000-2012,2010,661,0,432,68,4
1149,tereshenko_2010,2000-2012,2010,664,0,484,64,8
1150,tereshenko_2010,2000-2012,2010,664,1,418,54,3
1151,tereshenko_2010,2000-2012,2010,666,1,291,42,6
1152,tereshenko_2010,2000-2012,2010,667,1,387,58,4
1153,tereshenko_2010,2000-2012,2010,670,0,461,53,3
1154,tereshenko_2010,2000-2012,2010,684,0,222,31,4
1155,tereshenko_2010,2000-2012,2010,688,0,546,72,3
1156,tereshenko_2010,2000-2012,2010,710,0,548,73,4
1157,tereshenko_2010,2000-2012,2010,715,0,493,65,5
1158,tereshenko_2010,2000-2012,2010,721,0,763,97,3
1159,tereshenko_2010,2000-2012,2010,721,1,458,59,7
1160,tereshenko_2010,2000-2012,2010,727,0,380,57,3
1161,tereshenko_2010,2000-2012,2010,727,1,421,63,6
1162,tereshenko_2010,2000-2012,2010,727,2,222,31,3
1163,tereshenko_2010,2000-2012,2010,728,1,238,35,2
1164,tereshenko_2010,2000-2012,2010,730,0,329,45,3
1165,tereshenko_2010,2000-2012,2010,734,0,279,36,3
1166,tereshenko_2010,2000-2012,2010,735,0,543,79,5
1167,tereshenko_2010,2000-2012,2010,744,0,466,69,6
1168,tereshenko_2010,2000-2012,2010,746,1,390,54,3
1169,tereshenko_2010,2000-2012,2010,749,0,361,56,3
1170,tereshenko_2010,2000-2012,2010,749,1,712,96,2
1171,tereshenko_2010,2000-2012,2010,754,0,341,48,3
1172,tereshenko_2010,2000-2012,2010,754,1,395,48,3
1173,tereshenko_2010,2000-2012,2010,793,1,372,64,2
1174,tereshenko_2010,2000-2012,2010,794,0,313,46,9
1175,tereshenko_2010,2000-2012,2010,794,2,201,25,4
1176,tereshenko_2010,2000-2012,2010,803,0,661,103,3
1177,tereshenko_2010,2000-2012,2010,840,0,441,53,3
1178,tereshenko_2010,2000-2012,2010,854,0,471,61,3
1179,tereshenko_2010,2000-2012,2010,854,1,169,25,3
1180,tereshenko_2010,2000-2012,2010,856,0,628,85,6
1181,tereshenko_2010,2000-2012,2010,857,0,641,90,2
1182,tereshenko_2010,2000-2012,2010,858,0,267,37,2
1183,tereshenko_2010,2000-2012,2010,859,0,282,37,2
1184,tereshenko_2010,2000-2012,2010,872,0,693,96,6
1185,tereshenko_2010,2000-2012,2010,876,0,237,34,5
1186,tereshenko_2010,2000-2012,2010,876,1,405,58,3
1187,tereshenko_2010,2000-2012,2010,880,0,619,79,3
1188,tereshenko_2010,2000-2012,2010,881,0,450,61,3
1189,tereshenko_2010,2000-2012,2010,882,0,641,83,2
1190,tereshenko_2010,2000-2012,2010,887,0,345,46,3
1191,tereshenko_2010,2000-2012,2010,888,0,388,52,2
1192,tereshenko_2010,2000-2012,2010,895,0,536,81,4
1193,tereshenko_2010,2000-2012,2010,902,0,222,29,2
1194,tereshenko_2010,2000-2012,2010,908,0,657,96,4
1195,tereshenko_2010,2000-2012,2010,912,0,481,59,6
1196,tereshenko_2010,2000-2012,2010,912,1,330,42,3
1197,tereshenko_2010,2000-2012,2010,913,0,300,37,4
1198,tereshenko_2010,2000-2012,2010,918,0,291,35,3
1199,tereshenko_2010,2000-2012,2010,919,0,482,70,5
1200,tereshenko_2010,2000-2012,2010,923,0,284,45,2
1201,tereshenko_2010,2000-2012,2010,943,0,342,47,3
1202,tereshenko_2010,2000-2012,2010,957,1,165,24,3
1203,tereshenko_2010,2000-2012,2010,961,0,450,55,4
1204,tereshenko_2010,2000-2012,2010,965,0,374,49,3
1205,tereshenko_2010,2000-2012,2010,967,0,229,28,2
1206,tereshenko_2010,2000-2012,2010,970,0,461,58,3
1207,tereshenko_2010,2000-2012,2010,971,0,154,23,2
1208,tereshenko_2010,2000-2012,2010,973,0,632,96,4
1209,tereshenko_2010,2000-2012,2010,973,1,361,52,7
1210,tereshenko_2010,2000-2012,2010,975,0,561,81,6
1211,tereshenko_2010,2000-2012,2010,975,1,169,19,3
1212,tereshenko_2010,2000-2012,2010,977,0,396,57,7
1213,tereshenko_2010,2000-2012,2010,977,1,432,47,3
1214,tereshenko_2010,2000-2012,2010,978,0,828,111,7
1215,tereshenko_2010,2000-2012,2010,980,0,710,99,8
1216,tereshenko_2010,2000-2012,2010,984,0,704,77,3
1217,tereshenko_2010,2000-2012,2010,987,1,212,23,3
1218,tereshenko_2010,2000-2012,2010,991,0,382,56,3
1219,tereshenko_2010,2000-2012,2010,993,1,491,71,6
1220,tereshenko_2010,2000-2012,2010,994,0,331,47,2
1221,tereshenko_2010,2000-2012,2010,994,2,203,26,2
1222,tereshenko_2010,2000-2012,2010,995,0,331,49,4
1223,tereshenko_2010,2000-2012,2010,996,0,493,67,4
1224,tereshenko_2010,2000-2012,2010,997,0,421,62,3
1225,tereshenko_2010,2000-2012,2010,998,0,157,23,2
1226,tereshenko_2010,2000-2012,2010,1001,0,311,48,7
1227,tereshenko_2010,2000-2012,2010,1001,1,266,40,3
1228,tereshenko_2010,2000-2012,2010,1002,0,196,31,3
1229,tereshenko_2010,2000-2012,2010,1004,0,196,27,5
1230,tereshenko_2010,2000-2012,2010,1005,0,704,92,5
1231,tereshenko_2010,2000-2012,2010,1006,0,734,94,2
1232,tereshenko_2010,2000-2012,2010,1007,0,371,56,2
1233,tereshenko_2010,2000-2012,2010,1009,0,298,47,3
1234,tereshenko_2010,2000-2012,2010,1010,0,375,55,4
1235,tereshenko_2010,2000-2012,2010,1010,2,449,62,8
1236,tereshenko_2010,2000-2012,2010,1012,0,501,60,3
1237,tereshenko_2010,2000-2012,2010,1032,1,277,39,2
1238,tereshenko_2010,2000-2012,2010,1040,0,479,56,4
1239,tereshenko_2010,2000-2012,2010,1062,0,140,20,3
1240,tereshenko_2010,2000-2012,2010,1063,0,224,30,3
1241,tereshenko_2010,2000-2012,2010,1064,0,146,18,4
1242,tereshenko_2010,2000-2012,2010,1065,0,335,39,10
1243,tereshenko_2010,2000-2012,2010,1066,0,307,47,6
1244,tereshenko_2010,2000-2012,2010,1068,0,310,42,6
1245,tereshenko_2010,2000-2012,2010,1070,0,234,36,11
1246,tereshenko_2010,2000-2012,2010,1071,0,573,76,10
1247,tereshenko_2010,2000-2012,2010,1072,0,162,21,3
1248,tereshenko_2010,2000-2012,2010,1073,0,176,20,4
1249,tereshenko_2010,2000-2012,2010,1074,0,274,40,4
1250,tereshenko_2010,2000-2012,2010,1075,0,407,55,4
1251,tereshenko_2010,2000-2012,2010,1078,0,141,16,2
1252,tereshenko_2010,2000-2012,2010,1080,0,366,57,13
1253,tereshenko_2010,2000-2012,2010,1081,0,892,117,4
1254,tereshenko_2010,2000-2012,2010,1083,0,560,75,4
1255,tereshenko_2010,2000-2012,2010,1088,1,227,26,4
1256,tereshenko_2010,2000-2012,2010,1092,0,639,101,14
1257,tereshenko_2010,2000-2012,2010,1093,0,438,66,4
1258,tereshenko_2010,2000-2012,2010,1097,0,781,111,2
1259,tereshenko_2010,2000-2012,2010,1100,0,489,71,5
1260,tereshenko_2010,2000-2012,2010,1112,0,219,35,5
1261,tereshenko_2010,2000-2012,2010,1112,1,292,36,4
1262,tereshenko_2010,2000-2012,2010,1113,0,474,62,8
1263,tereshenko_2010,2000-2012,2010,1113,1,159,22,3
1264,tereshenko_2010,2000-2012,2010,1126,0,199,26,4
1265,tereshenko_2010,2000-2012,2010,1128,0,640,92,3
1266,tereshenko_2010,2000-2012,2010,1130,0,824,106,2
1267,tereshenko_2010,2000-2012,2010,1135,0,347,45,3
1268,tereshenko_2010,2000-2012,2010,1139,0,298,43,2
1269,tereshenko_2010,2000-2012,2010,1167,0,637,87,2
1270,tereshenko_2010,2000-2012,2010,1172,0,378,45,2
1271,tereshenko_2010,2000-2012,2010,1173,0,667,100,3
1272,tereshenko_2010,2000-2012,2010,1177,0,953,117,4
1273,tereshenko_2010,2000-2012,2010,1178,0,523,71,2
1274,tereshenko_2010,2000-2012,2010,1184,0,347,52,2
1275,tereshenko_2010,2000-2012,2010,1213,0,289,39,4
1276,tereshenko_2010,2000-2012,2010,1240,0,557,77,3
1277,tereshenko_2010,2000-2012,2010,1268,1,592,87,9
1278,tereshenko_2010,2000-2012,2010,1316,0,679,98,2
1279,tereshenko_2010,2000-2012,2010,1317,0,541,75,2
1280,tereshenko_2010,2000-2012,2010,1577,0,258,41,2
1281,volobuev_2010,2000-2012,2010,28,0,454,57,2
1282,volobuev_2010,2000-2012,2010,82,0,308,42,2
1283,volobuev_2010,2000-2012,2010,139,0,281,35,2
1284,volobuev_2010,2000-2012,2010,140,0,287,35,2
1285,volobuev_2010,2000-2012,2010,152,0,707,80,2
1286,volobuev_2010,2000-2012,2010,197,0,298,41,2
1287,volobuev_2010,2000-2012,2010,213,0,372,51,4
1288,volobuev_2010,2000-2012,2010,214,0,253,33,2
1289,volobuev_2010,2000-2012,2010,227,0,293,41,4
1290,volobuev_2010,2000-2012,2010,228,0,434,49,2
1291,volobuev_2010,2000-2012,2010,231,0,102,15,2
1292,volobuev_2010,2000-2012,2010,360,0,283,38,2
1293,volobuev_2010,2000-2012,2010,448,1,259,33,2
1294,volobuev_2010,2000-2012,2010,468,0,297,40,2
1295,volobuev_2010,2000-2012,2010,470,0,210,29,2
1296,volobuev_2010,2000-2012,2010,471,0,746,95,5
1297,volobuev_2010,2000-2012,2010,483,0,387,54,2
1298,volobuev_2010,2000-2012,2010,488,0,605,74,2
1299,volobuev_2010,2000-2012,2010,495,0,176,22,2
1300,volobuev_2010,2000-2012,2010,542,0,319,46,2
1301,volobuev_2010,2000-2012,2010,546,0,223,35,2
1302,volobuev_2010,2000-2012,2010,547,1,254,33,2
1303,volobuev_2010,2000-2012,2010,551,0,527,66,2
1304,volobuev_2010,2000-2012,2010,554,0,736,91,2
1305,volobuev_2010,2000-2012,2010,580,0,718,105,2
1306,volobuev_2010,2000-2012,2010,583,0,315,50,2
1307,volobuev_2010,2000-2012,2010,586,0,315,38,2
1308,volobuev_2010,2000-2012,2010,614,0,416,53,2
1309,volobuev_2010,2000-2012,2010,625,0,448,55,3
1310,volobuev_2010,2000-2012,2010,626,0,465,57,3
1311,volobuev_2010,2000-2012,2010,628,0,286,33,3
1312,volobuev_2010,2000-2012,2010,633,1,262,31,4
1313,volobuev_2010,2000-2012,2010,635,1,254,32,8
1314,volobuev_2010,2000-2012,2010,645,0,475,57,3
1315,volobuev_2010,2000-2012,2010,647,0,593,85,3
1316,volobuev_2010,2000-2012,2010,664,0,687,89,3
1317,volobuev_2010,2000-2012,2010,666,0,515,61,4
1318,volobuev_2010,2000-2012,2010,667,0,424,45,3
1319,volobuev_2010,2000-2012,2010,668,0,507,68,3
1320,volobuev_2010,2000-2012,2010,670,0,387,48,9
1321,volobuev_2010,2000-2012,2010,671,0,515,67,9
1322,volobuev_2010,2000-2012,2010,672,0,650,75,7
1323,volobuev_2010,2000-2012,2010,673,0,492,58,7
1324,volobuev_2010,2000-2012,2010,675,0,526,74,3
1325,volobuev_2010,2000-2012,2010,675,1,169,22,3
1326,volobuev_2010,2000-2012,2010,676,0,381,55,8
1327,volobuev_2010,2000-2012,2010,681,0,414,55,4
1328,volobuev_2010,2000-2012,2010,682,0,551,77,5
1329,volobuev_2010,2000-2012,2010,686,0,359,53,2
1330,volobuev_2010,2000-2012,2010,687,0,177,18,4
1331,volobuev_2010,2000-2012,2010,688,0,274,41,4
1332,volobuev_2010,2000-2012,2010,689,0,586,79,5
1333,volobuev_2010,2000-2012,2010,689,1,267,32,4
1334,volobuev_2010,2000-2012,2010,695,0,517,74,6
1335,volobuev_2010,2000-2012,2010,696,0,299,44,7
1336,volobuev_2010,2000-2012,2010,696,1,857,104,2
1337,volobuev_2010,2000-2012,2010,697,0,547,64,3
1338,volobuev_2010,2000-2012,2010,697,1,325,41,2
1339,volobuev_2010,2000-2012,2010,701,0,148,22,2
1340,volobuev_2010,2000-2012,2010,716,0,414,48,3
1341,volobuev_2010,2000-2012,2010,717,0,263,35,6
1342,volobuev_2010,2000-2012,2010,718,0,455,59,6
1343,volobuev_2010,2000-2012,2010,719,0,152,25,3
1344,volobuev_2010,2000-2012,2010,724,0,448,58,10
1345,volobuev_2010,2000-2012,2010,726,0,437,61,3
1346,volobuev_2010,2000-2012,2010,727,0,237,32,5
1347,volobuev_2010,2000-2012,2010,728,0,498,64,3
1348,volobuev_2010,2000-2012,2010,733,0,338,51,4
1349,volobuev_2010,2000-2012,2010,734,0,528,69,4
1350,volobuev_2010,2000-2012,2010,736,0,702,94,9
1351,volobuev_2010,2000-2012,2010,738,0,523,70,3
1352,volobuev_2010,2000-2012,2010,739,0,195,34,3
1353,volobuev_2010,2000-2012,2010,741,0,493,64,9
1354,volobuev_2010,2000-2012,2010,742,0,550,79,12
1355,volobuev_2010,2000-2012,2010,743,0,313,45,6
1356,volobuev_2010,2000-2012,2010,744,0,122,19,2
1357,volobuev_2010,2000-2012,2010,744,1,457,69,4
1358,volobuev_2010,2000-2012,2010,745,0,499,63,9
1359,volobuev_2010,2000-2012,2010,750,0,100,17,3
1360,volobuev_2010,2000-2012,2010,760,0,313,44,3
1361,volobuev_2010,2000-2012,2010,766,0,601,81,6
1362,volobuev_2010,2000-2012,2010,778,0,470,60,3
1363,volobuev_2010,2000-2012,2010,784,0,411,63,3
1364,volobuev_2010,2000-2012,2010,797,0,299,43,6
1365,volobuev_2010,2000-2012,2010,798,0,467,63,6
1366,volobuev_2010,2000-2012,2010,798,1,151,21,3
1367,volobuev_2010,2000-2012,2010,810,0,543,67,5
1368,volobuev_2010,2000-2012,2010,811,0,489,60,2
1369,volobuev_2010,2000-2012,2010,814,0,302,38,4
1370,volobuev_2010,2000-2012,2010,817,0,438,57,3
1371,volobuev_2010,2000-2012,2010,818,0,280,46,4
1372,volobuev_2010,2000-2012,2010,819,0,302,38,4
1373,volobuev_2010,2000-2012,2010,828,1,143,16,3
1374,volobuev_2010,2000-2012,2010,846,0,322,43,2
1375,volobuev_2010,2000-2012,2010,852,0,583,68,7
1376,volobuev_2010,2000-2012,2010,858,0,301,40,3
1377,volobuev_2010,2000-2012,2010,869,0,216,24,2
1378,volobuev_2010,2000-2012,2010,872,0,483,71,2
1379,volobuev_2010,2000-2012,2010,874,0,302,40,2
1380,volobuev_2010,2000-2012,2010,877,0,360,43,6
1381,volobuev_2010,2000-2012,2010,891,0,274,40,3
1382,volobuev_2010,2000-2012,2010,911,0,309,43,3
1383,volobuev_2010,2000-2012,2010,916,0,448,64,3
1384,volobuev_2010,2000-2012,2010,916,1,174,25,2
1385,volobuev_2010,2000-2012,2010,938,0,450,62,2
1386,volobuev_2010,2000-2012,2010,939,0,297,39,2
1387,volobuev_2010,2000-2012,2010,940,0,683,91,6
1388,volobuev_2010,2000-2012,2010,947,0,355,50,2
1389,volobuev_2010,2000-2012,2010,961,0,420,53,4
1390,volobuev_2010,2000-2012,2010,991,0,107,17,3
1391,volobuev_2010,2000-2012,2010,1000,0,397,49,6
1392,volobuev_2010,2000-2012,2010,1013,0,487,65,3
1393,volobuev_2010,2000-2012,2010,1034,0,759,112,2
1394,volobuev_2010,2000-2012,2010,1037,0,228,26,2
1395,volobuev_2010,2000-2012,2010,1066,0,314,49,2
1396,volobuev_2010,2000-2012,2010,1088,0,137,16,3
1397,volobuev_2010,2000-2012,2010,1090,0,669,94,3
1398,volobuev_2010,2000-2012,2010,1092,0,397,51,6
1399,volobuev_2010,2000-2012,2010,1093,0,362,41,2
1400,volobuev_2010,2000-2012,2010,1096,0,590,85,4
1401,volobuev_2010,2000-2012,2010,1101,0,578,74,3
1402,volobuev_2010,2000-2012,2010,1107,0,578,75,3
1403,volobuev_2010,2000-2012,2010,1107,1,178,23,2
1404,volobuev_2010,2000-2012,2010,1111,1,541,71,4
1405,volobuev_2010,2000-2012,2010,1115,0,625,88,4
1406,volobuev_2010,2000-2012,2010,1117,0,216,30,3
1407,volobuev_2010,2000-2012,2010,1120,0,624,82,4
1408,volobuev_2010,2000-2012,2010,1124,0,591,83,4
1409,volobuev_2010,2000-2012,2010,1124,1,188,29,3
1410,volobuev_2010,2000-2012,2010,1126,2,333,46,3
1411,volobuev_2010,2000-2012,2010,1127,0,473,70,4
1412,volobuev_2010,2000-2012,2010,1133,0,262,38,4
1413,volobuev_2010,2000-2012,2010,1134,0,204,27,6
1414,volobuev_2010,2000-2012,2010,1135,0,489,81,8
1415,volobuev_2010,2000-2012,2010,1137,0,152,19,3
1416,volobuev_2010,2000-2012,2010,1145,0,363,47,6
1417,volobuev_2010,2000-2012,2010,1146,0,416,56,6
1418,volobuev_2010,2000-2012,2010,1147,0,618,84,12
1419,volobuev_2010,2000-2012,2010,1148,0,529,73,3
1420,volobuev_2010,2000-2012,2010,1153,0,303,45,4
1421,volobuev_2010,2000-2012,2010,1154,0,860,112,4
1422,volobuev_2010,2000-2012,2010,1155,0,732,93,8
1423,volobuev_2010,2000-2012,2010,1160,0,540,70,4
1424,volobuev_2010,2000-2012,2010,1164,0,276,38,3
1425,volobuev_2010,2000-2012,2010,1165,0,724,104,6
1426,volobuev_2010,2000-2012,2010,1168,0,558,70,2
1427,volobuev_2010,2000-2012,2010,1170,0,745,93,4
1428,volobuev_2010,2000-2012,2010,1171,0,316,41,2
1429,volobuev_2010,2000-2012,2010,1173,0,355,50,4
1430,volobuev_2010,2000-2012,2010,1174,0,463,62,2
1431,volobuev_2010,2000-2012,2010,1175,0,291,39,5
1432,volobuev_2010,2000-2012,2010,1176,0,562,71,5
1433,volobuev_2010,2000-2012,2010,1214,0,394,48,4
1434,volobuev_2010,2000-2012,2010,1216,0,930,120,2
1435,volobuev_2010,2000-2012,2010,1218,0,481,57,2
1436,volobuev_2010,2000-2012,2010,1232,0,690,89,3
1437,volobuev_2010,2000-2012,2010,1236,0,812,111,3
1438,volobuev_2010,2000-2012,2010,1240,1,136,21,3
1439,volobuev_2010,2000-2012,2010,1241,0,637,84,3
1440,volobuev_2010,2000-2012,2010,1246,0,309,41,3
1441,volobuev_2010,2000-2012,2010,1247,0,633,82,8
1442,volobuev_2010,2000-2012,2010,1248,0,435,58,4
1443,volobuev_2010,2000-2012,2010,1278,1,347,50,6
1444,volobuev_2010,2000-2012,2010,1282,0,830,102,4
1445,volobuev_2010,2000-2012,2010,1302,0,459,59,2
1446,volobuev_2010,2000-2012,2010,1310,2,119,15,3
1447,volobuev_2010,2000-2012,2010,1316,0,226,26,3
1448,volobuev_2010,2000-2012,2010,1318,0,234,33,5
1449,volobuev_2010,2000-2012,2010,1320,0,330,47,6
1450,volobuev_2010,2000-2012,2010,1324,0,413,52,3
1451,volobuev_2010,2000-2012,2010,1334,0,347,43,3
1452,volobuev_2010,2000-2012,2010,1340,0,517,73,3
1453,volobuev_2010,2000-2012,2010,1343,0,222,27,6
1454,volobuev_2010,2000-2012,2010,1355,0,490,62,3
1455,volobuev_2010,2000-2012,2010,1369,0,246,35,2
1456,volobuev_2010,2000-2012,2010,1371,0,438,62,8
1457,volobuev_2010,2000-2012,2010,1379,1,771,107,4
1458,volobuev_2010,2000-2012,2010,1419,0,396,49,2
1459,volobuev_2010,2000-2012,2010,1641,0,195,25,2
1460,volobuev_2010,2000-2012,2010,1648,0,231,28,6
1461,volobuev_2010,2000-2012,2010,1652,0,171,21,8
1462,volobuev_2010,2000-2012,2010,1653,0,324,41,2
1463,volobuev_2010,2000-2012,2010,1665,0,272,33,2
1464,volobuev_2010,2000-2012,2010,1712,0,172,27,2
1465,volobuev_2010,2000-2012,2010,1713,0,128,16,4
1466,volobuev_2010,2000-2012,2010,1717,0,253,29,2
